{
	"id": "420395db-8033-90b9-4362-e87a6ec998d0",
	"name": "wdiot1 iotae apis",
	"description": "IoT Application Enablement APIs ",
	"order": [],
	"folders_order": [
		"d117b23c-a539-c2af-fd80-61efde7d867e",
		"e637a5a6-e0f8-31b0-a01c-edb74b4a6e30",
		"2f9b3b1b-c9f7-4830-2b01-49a191770e85",
		"d1c323c8-2f15-c44e-8965-ab2bcbf7d01b",
		"3f847029-7e33-df94-93f2-769bcacb2bae",
		"7442d8cf-6823-6894-43ff-7e0055b19410",
		"9369cf38-a66c-2072-ee2b-9ab2079dd834",
		"11ab1df8-4aa8-3148-560c-6a02ca8af54c"
	],
	"folders": [
		{
			"id": "d117b23c-a539-c2af-fd80-61efde7d867e",
			"name": "01 Thing Configuration",
			"description": "",
			"order": [
				"ceb5326d-7bed-a40a-59de-f971fcad253f",
				"6380de6e-86e2-757c-d970-e48c8cff14a8",
				"f344d5ff-5b86-a5ed-eba4-7b5e2e8cb785"
			],
			"folders_order": [],
			"owner": 0,
			"collectionId": "420395db-8033-90b9-4362-e87a6ec998d0"
		},
		{
			"id": "e637a5a6-e0f8-31b0-a01c-edb74b4a6e30",
			"name": "02 Thing Onboarding",
			"description": "",
			"order": [
				"d80eeef3-85d6-1ffe-d982-7fde84f0b5a4",
				"d0c5d216-b47e-0ec6-2271-5b0b27bb34f4",
				"c9a9cd03-0908-9922-0b7f-e5e46c38266f",
				"c1e1a230-c62f-4d85-5d66-8c54559fe308",
				"f2522fff-ca17-ca85-4d07-ca52d0276de6",
				"8e094a03-b4a6-2ec9-0d51-5f8786bcdfe9",
				"aa42cb2b-443d-718b-8151-a298131a8e18",
				"4015344c-e1af-1862-b39e-d2fdb3eab3f7"
			],
			"folders_order": [],
			"owner": 0,
			"collectionId": "420395db-8033-90b9-4362-e87a6ec998d0"
		},
		{
			"id": "2f9b3b1b-c9f7-4830-2b01-49a191770e85",
			"name": "03 Timeseries Data Management",
			"description": "",
			"order": [
				"61349290-beb5-c2e8-ca72-9ab562dbf87b",
				"eb78d284-e87c-b7ba-41bf-06cdfe8b7046",
				"179aa977-d6c8-9146-3250-28251b8a16da",
				"5dd85b64-d95a-e0f0-b557-7edd2caf159c",
				"2fff4bcf-d112-93c5-91f1-de17de8f8395",
				"c45c4eb0-10d6-762b-48f1-fbd318fa5557",
				"6d0ab8b9-c1fb-365c-af9f-1c331252638d",
				"8103f792-dbc4-77c1-edbd-ce6e2996eb82"
			],
			"folders_order": [],
			"owner": 0,
			"collectionId": "420395db-8033-90b9-4362-e87a6ec998d0"
		},
		{
			"id": "d1c323c8-2f15-c44e-8965-ab2bcbf7d01b",
			"name": "04 Events",
			"description": "",
			"order": [
				"4a29d1cf-8f2e-0e05-cdf9-6e6da0d02a94",
				"976fd53e-99bb-086d-e9ca-b06c23a8c2dd",
				"20af2c76-898a-0d5e-75bf-7e5c527eb0c7",
				"73c46892-8ded-267a-892e-ff0a7660c1a2",
				"5af61c01-d0ce-c5f5-5c47-85afcccd170e"
			],
			"folders_order": [],
			"owner": 0,
			"collectionId": "420395db-8033-90b9-4362-e87a6ec998d0"
		},
		{
			"id": "3f847029-7e33-df94-93f2-769bcacb2bae",
			"name": "05 Reference Properties",
			"description": "",
			"order": [
				"54c53586-44a2-fd33-e649-bef91b108259",
				"19394d19-1775-b57b-72d2-6603e38fba79",
				"4d8e5ba4-8a42-9426-1809-00467de9a8b3",
				"db6a22ad-7259-dbc3-3e3f-861083bd691d"
			],
			"folders_order": [],
			"owner": 0,
			"collectionId": "420395db-8033-90b9-4362-e87a6ec998d0"
		},
		{
			"id": "7442d8cf-6823-6894-43ff-7e0055b19410",
			"name": "06 Analytical OData Service",
			"description": "",
			"order": [
				"8d3eb461-8793-5e8b-fb4f-bec168da3fdb",
				"5aacf186-c289-76bd-a447-dab9b13a996f"
			],
			"folders_order": [],
			"owner": 0,
			"collectionId": "420395db-8033-90b9-4362-e87a6ec998d0"
		},
		{
			"id": "9369cf38-a66c-2072-ee2b-9ab2079dd834",
			"name": "98 Reference APIs",
			"description": "",
			"order": [
				"e941889c-f86d-fa84-ea31-04d9b6f6bddd",
				"0c6d3e73-00c9-feef-c0f1-0289f03a5b68",
				"3acf8bfb-dc01-f0f3-080d-c7002b026ba7",
				"9f7d72fb-ec16-5cf3-ee22-861bb037eead",
				"301f510d-2d40-4488-49ba-e4e08fbf737f",
				"a134f241-5c45-7468-4c99-c675bf97e5ab",
				"5d5064f0-a11f-fbf1-dd13-d3ccbfa1abd6",
				"573d3fd9-5455-38c1-cb64-d67c15a72656",
				"0f17353d-9ef0-cd6b-b196-f4755313fb6c",
				"22f0fab7-3940-cee0-9914-6164f632bda8",
				"9b314956-7f74-d97e-16c1-93863c0bad06",
				"641d25a2-47f5-6297-75e5-9bafde86efba"
			],
			"folders_order": [],
			"owner": 0,
			"collectionId": "420395db-8033-90b9-4362-e87a6ec998d0"
		},
		{
			"id": "11ab1df8-4aa8-3148-560c-6a02ca8af54c",
			"name": "99 Cleanup",
			"description": "",
			"order": [
				"822f3a22-0a27-0fb8-6f99-26b5c48bfa5f",
				"9c6804ee-c850-0e1c-02a6-fccea4cb9972",
				"7670e29a-a7cb-808f-3fbf-2309e0f197ba",
				"fff82786-a7e7-4ccf-c7ab-b41a5908fe33"
			],
			"folders_order": [],
			"owner": 0,
			"collectionId": "420395db-8033-90b9-4362-e87a6ec998d0"
		}
	],
	"owner": 0,
	"hasRequests": true,
	"requests": [
		{
			"id": "0c6d3e73-00c9-feef-c0f1-0289f03a5b68",
			"name": "Read all Property Set Types",
			"description": "",
			"collectionId": "420395db-8033-90b9-4362-e87a6ec998d0",
			"method": "GET",
			"headers": "Content-Type: application/json",
			"dataMode": "raw",
			"data": [],
			"rawModeData": "",
			"url": "https://{{tenant}}.{{endpoint}}/appiot-mds/Configuration/PropertySetTypes",
			"responses": [],
			"pathVariableData": [],
			"queryParams": [],
			"headerData": [
				{
					"key": "Content-Type",
					"value": "application/json",
					"description": ""
				}
			],
			"collection_id": "420395db-8033-90b9-4362-e87a6ec998d0",
			"folder": "9369cf38-a66c-2072-ee2b-9ab2079dd834",
			"preRequestScript": "",
			"tests": ""
		},
		{
			"id": "0f17353d-9ef0-cd6b-b196-f4755313fb6c",
			"name": "Configuration OData - Read Details of Package",
			"description": "",
			"collectionId": "420395db-8033-90b9-4362-e87a6ec998d0",
			"method": "GET",
			"headers": "Content-Type: application/json",
			"dataMode": "raw",
			"data": [],
			"rawModeData": "",
			"url": "https://{{tenant}}.{{endpoint}}/config-package-sap/Package/v1/Packages('{{packageId}}')",
			"responses": [],
			"pathVariableData": [],
			"queryParams": [],
			"headerData": [
				{
					"key": "Content-Type",
					"value": "application/json",
					"description": ""
				}
			],
			"collection_id": "420395db-8033-90b9-4362-e87a6ec998d0",
			"folder": "9369cf38-a66c-2072-ee2b-9ab2079dd834",
			"preRequestScript": "",
			"tests": ""
		},
		{
			"id": "179aa977-d6c8-9146-3250-28251b8a16da",
			"name": "Create Timeseries Data - Level",
			"description": "",
			"collectionId": "420395db-8033-90b9-4362-e87a6ec998d0",
			"method": "PUT",
			"headers": "Content-Type: application/json\nx-csrf-token: {{x-csrf-token}}",
			"dataMode": "raw",
			"data": [],
			"rawModeData": "{\r\n    \"value\": [{\r\n        \"_time\": \"2017-07-19T14:44:27.032Z\",\r\n        \"Pressure\": 11\r\n    }, {\r\n        \"_time\": \"2017-07-19T15:19:27.032Z\",\r\n        \"Pressure\": 4\r\n    }, {\r\n        \"_time\": \"2017-07-19T15:54:27.032Z\",\r\n        \"Pressure\": 4\r\n    }, {\r\n        \"_time\": \"2017-07-19T16:29:27.032Z\",\r\n        \"Pressure\": 7\r\n    }, {\r\n        \"_time\": \"2017-07-19T17:04:27.032Z\",\r\n        \"Pressure\": 2\r\n    }, {\r\n        \"_time\": \"2017-07-19T17:39:27.032Z\",\r\n        \"Pressure\": 9\r\n    }, {\r\n        \"_time\": \"2017-07-19T18:14:27.032Z\",\r\n        \"Pressure\": 2\r\n    }, {\r\n        \"_time\": \"2017-07-19T18:49:27.032Z\",\r\n        \"Pressure\": 4\r\n    }, {\r\n        \"_time\": \"2017-07-19T19:24:27.032Z\",\r\n        \"Pressure\": 1\r\n    }, {\r\n        \"_time\": \"2017-07-19T19:59:27.032Z\",\r\n        \"Pressure\": 9\r\n    }, {\r\n        \"_time\": \"2017-07-19T20:34:27.032Z\",\r\n        \"Pressure\": 6\r\n    }, {\r\n        \"_time\": \"2017-07-19T21:09:27.032Z\",\r\n        \"Pressure\": 5\r\n    }, {\r\n        \"_time\": \"2017-07-19T21:44:27.032Z\",\r\n        \"Pressure\": 6\r\n    }, {\r\n        \"_time\": \"2017-07-19T22:19:27.032Z\",\r\n        \"Pressure\": 8\r\n    }, {\r\n        \"_time\": \"2017-07-19T22:54:27.032Z\",\r\n        \"Pressure\": 9\r\n    }, {\r\n        \"_time\": \"2017-07-19T23:29:27.032Z\",\r\n        \"Pressure\": 1\r\n    }, {\r\n        \"_time\": \"2017-07-20T00:04:27.032Z\",\r\n        \"Pressure\": 9\r\n    }, {\r\n        \"_time\": \"2017-07-20T00:39:27.032Z\",\r\n        \"Pressure\": 4\r\n    }, {\r\n        \"_time\": \"2017-07-20T01:14:27.032Z\",\r\n        \"Pressure\": 0\r\n    }, {\r\n        \"_time\": \"2017-07-20T01:49:27.032Z\",\r\n        \"Pressure\": 6\r\n    }, {\r\n        \"_time\": \"2017-07-20T02:24:27.032Z\",\r\n        \"Pressure\": 7\r\n    }, {\r\n        \"_time\": \"2017-07-20T02:59:27.032Z\",\r\n        \"Pressure\": 10\r\n    }, {\r\n        \"_time\": \"2017-07-20T03:34:27.032Z\",\r\n        \"Pressure\": 9\r\n    }, {\r\n        \"_time\": \"2017-07-20T04:09:27.032Z\",\r\n        \"Pressure\": 7\r\n    }, {\r\n        \"_time\": \"2017-07-20T04:44:27.032Z\",\r\n        \"Pressure\": 3\r\n    }, {\r\n        \"_time\": \"2017-07-20T05:19:27.032Z\",\r\n        \"Pressure\": 6\r\n    }, {\r\n        \"_time\": \"2017-07-20T05:54:27.032Z\",\r\n        \"Pressure\": 5\r\n    }, {\r\n        \"_time\": \"2017-07-20T06:29:27.032Z\",\r\n        \"Pressure\": 5\r\n    }, {\r\n        \"_time\": \"2017-07-20T07:04:27.032Z\",\r\n        \"Pressure\": 11\r\n    }, {\r\n        \"_time\": \"2017-07-20T07:39:27.032Z\",\r\n        \"Pressure\": 1\r\n    }, {\r\n        \"_time\": \"2017-07-20T08:14:27.032Z\",\r\n        \"Pressure\": 2\r\n    }, {\r\n        \"_time\": \"2017-07-20T08:49:27.032Z\",\r\n        \"Pressure\": 9\r\n    }, {\r\n        \"_time\": \"2017-07-20T09:24:27.032Z\",\r\n        \"Pressure\": 2\r\n    }, {\r\n        \"_time\": \"2017-07-20T09:59:27.032Z\",\r\n        \"Pressure\": 2\r\n    }, {\r\n        \"_time\": \"2017-07-20T10:34:27.032Z\",\r\n        \"Pressure\": 4\r\n    }, {\r\n        \"_time\": \"2017-07-20T11:09:27.032Z\",\r\n        \"Pressure\": 2\r\n    }, {\r\n        \"_time\": \"2017-07-20T11:44:27.032Z\",\r\n        \"Pressure\": 3\r\n    }, {\r\n        \"_time\": \"2017-07-20T12:19:27.032Z\",\r\n        \"Pressure\": 11\r\n    }, {\r\n        \"_time\": \"2017-07-20T12:54:27.032Z\",\r\n        \"Pressure\": 6\r\n    }, {\r\n        \"_time\": \"2017-07-20T13:29:27.032Z\",\r\n        \"Pressure\": 11\r\n    }, {\r\n        \"_time\": \"2017-07-20T14:04:27.032Z\",\r\n        \"Pressure\": 10\r\n    }, {\r\n        \"_time\": \"2017-07-20T14:39:27.032Z\",\r\n        \"Pressure\": 3\r\n    }, {\r\n        \"_time\": \"2017-07-20T15:14:27.032Z\",\r\n        \"Pressure\": 11\r\n    }, {\r\n        \"_time\": \"2017-07-20T15:49:27.032Z\",\r\n        \"Pressure\": 5\r\n    }, {\r\n        \"_time\": \"2017-07-20T16:24:27.032Z\",\r\n        \"Pressure\": 10\r\n    }, {\r\n        \"_time\": \"2017-07-20T16:59:27.032Z\",\r\n        \"Pressure\": 4\r\n    }, {\r\n        \"_time\": \"2017-07-20T17:34:27.032Z\",\r\n        \"Pressure\": 6\r\n    }, {\r\n        \"_time\": \"2017-07-20T18:09:27.032Z\",\r\n        \"Pressure\": 0\r\n    }, {\r\n        \"_time\": \"2017-07-20T18:44:27.032Z\",\r\n        \"Pressure\": 1\r\n    }, {\r\n        \"_time\": \"2017-07-20T19:19:27.032Z\",\r\n        \"Pressure\": 6\r\n    }, {\r\n        \"_time\": \"2017-07-20T19:54:27.032Z\",\r\n        \"Pressure\": 4\r\n    }, {\r\n        \"_time\": \"2017-07-20T20:29:27.032Z\",\r\n        \"Pressure\": 2\r\n    }, {\r\n        \"_time\": \"2017-07-20T21:04:27.032Z\",\r\n        \"Pressure\": 4\r\n    }, {\r\n        \"_time\": \"2017-07-20T21:39:27.032Z\",\r\n        \"Pressure\": 7\r\n    }, {\r\n        \"_time\": \"2017-07-20T22:14:27.032Z\",\r\n        \"Pressure\": 3\r\n    }, {\r\n        \"_time\": \"2017-07-20T22:49:27.032Z\",\r\n        \"Pressure\": 11\r\n    }, {\r\n        \"_time\": \"2017-07-20T23:24:27.032Z\",\r\n        \"Pressure\": 8\r\n    }, {\r\n        \"_time\": \"2017-07-20T23:59:27.032Z\",\r\n        \"Pressure\": 10\r\n    }, {\r\n        \"_time\": \"2017-07-21T00:34:27.032Z\",\r\n        \"Pressure\": 3\r\n    }, {\r\n        \"_time\": \"2017-07-21T01:09:27.032Z\",\r\n        \"Pressure\": 10\r\n    }, {\r\n        \"_time\": \"2017-07-21T01:44:27.032Z\",\r\n        \"Pressure\": 1\r\n    }, {\r\n        \"_time\": \"2017-07-21T02:19:27.032Z\",\r\n        \"Pressure\": 7\r\n    }, {\r\n        \"_time\": \"2017-07-21T02:54:27.032Z\",\r\n        \"Pressure\": 5\r\n    }, {\r\n        \"_time\": \"2017-07-21T03:29:27.032Z\",\r\n        \"Pressure\": 6\r\n    }, {\r\n        \"_time\": \"2017-07-21T04:04:27.032Z\",\r\n        \"Pressure\": 4\r\n    }, {\r\n        \"_time\": \"2017-07-21T04:39:27.032Z\",\r\n        \"Pressure\": 3\r\n    }, {\r\n        \"_time\": \"2017-07-21T05:14:27.032Z\",\r\n        \"Pressure\": 3\r\n    }, {\r\n        \"_time\": \"2017-07-21T05:49:27.032Z\",\r\n        \"Pressure\": 4\r\n    }, {\r\n        \"_time\": \"2017-07-21T06:24:27.032Z\",\r\n        \"Pressure\": 1\r\n    }, {\r\n        \"_time\": \"2017-07-21T06:59:27.032Z\",\r\n        \"Pressure\": 5\r\n    }, {\r\n        \"_time\": \"2017-07-21T07:34:27.032Z\",\r\n        \"Pressure\": 9\r\n    }, {\r\n        \"_time\": \"2017-07-21T08:09:27.032Z\",\r\n        \"Pressure\": 11\r\n    }, {\r\n        \"_time\": \"2017-07-21T08:44:27.032Z\",\r\n        \"Pressure\": 4\r\n    }, {\r\n        \"_time\": \"2017-07-21T09:19:27.032Z\",\r\n        \"Pressure\": 2\r\n    }, {\r\n        \"_time\": \"2017-07-21T09:54:27.032Z\",\r\n        \"Pressure\": 6\r\n    }, {\r\n        \"_time\": \"2017-07-21T10:29:27.032Z\",\r\n        \"Pressure\": 7\r\n    }, {\r\n        \"_time\": \"2017-07-21T11:04:27.032Z\",\r\n        \"Pressure\": 3\r\n    }, {\r\n        \"_time\": \"2017-07-21T11:39:27.032Z\",\r\n        \"Pressure\": 2\r\n    }, {\r\n        \"_time\": \"2017-07-21T12:14:27.032Z\",\r\n        \"Pressure\": 3\r\n    }, {\r\n        \"_time\": \"2017-07-21T12:49:27.032Z\",\r\n        \"Pressure\": 9\r\n    }, {\r\n        \"_time\": \"2017-07-21T13:24:27.032Z\",\r\n        \"Pressure\": 1\r\n    }, {\r\n        \"_time\": \"2017-07-21T13:59:27.032Z\",\r\n        \"Pressure\": 7\r\n    }, {\r\n        \"_time\": \"2017-07-21T14:34:27.032Z\",\r\n        \"Pressure\": 10\r\n    }, {\r\n        \"_time\": \"2017-07-21T15:09:27.032Z\",\r\n        \"Pressure\": 0\r\n    }, {\r\n        \"_time\": \"2017-07-21T15:44:27.032Z\",\r\n        \"Pressure\": 11\r\n    }, {\r\n        \"_time\": \"2017-07-21T16:19:27.032Z\",\r\n        \"Pressure\": 8\r\n    }, {\r\n        \"_time\": \"2017-07-21T16:54:27.032Z\",\r\n        \"Pressure\": 2\r\n    }, {\r\n        \"_time\": \"2017-07-21T17:29:27.032Z\",\r\n        \"Pressure\": 8\r\n    }, {\r\n        \"_time\": \"2017-07-21T18:04:27.032Z\",\r\n        \"Pressure\": 10\r\n    }, {\r\n        \"_time\": \"2017-07-21T18:39:27.032Z\",\r\n        \"Pressure\": 9\r\n    }, {\r\n        \"_time\": \"2017-07-21T19:14:27.032Z\",\r\n        \"Pressure\": 3\r\n    }, {\r\n        \"_time\": \"2017-07-21T19:49:27.032Z\",\r\n        \"Pressure\": 5\r\n    }, {\r\n        \"_time\": \"2017-07-21T20:24:27.032Z\",\r\n        \"Pressure\": 4\r\n    }, {\r\n        \"_time\": \"2017-07-21T20:59:27.032Z\",\r\n        \"Pressure\": 5\r\n    }, {\r\n        \"_time\": \"2017-07-21T21:34:27.032Z\",\r\n        \"Pressure\": 1\r\n    }, {\r\n        \"_time\": \"2017-07-21T22:09:27.032Z\",\r\n        \"Pressure\": 2\r\n    }, {\r\n        \"_time\": \"2017-07-21T22:44:27.032Z\",\r\n        \"Pressure\": 5\r\n    }, {\r\n        \"_time\": \"2017-07-21T23:19:27.032Z\",\r\n        \"Pressure\": 9\r\n    }, {\r\n        \"_time\": \"2017-07-21T23:54:27.032Z\",\r\n        \"Pressure\": 7\r\n    }, {\r\n        \"_time\": \"2017-07-22T00:29:27.032Z\",\r\n        \"Pressure\": 4\r\n    }, {\r\n        \"_time\": \"2017-07-22T01:04:27.032Z\",\r\n        \"Pressure\": 9\r\n    }, {\r\n        \"_time\": \"2017-07-22T01:39:27.032Z\",\r\n        \"Pressure\": 4\r\n    }, {\r\n        \"_time\": \"2017-07-22T02:14:27.032Z\",\r\n        \"Pressure\": 0\r\n    }, {\r\n        \"_time\": \"2017-07-22T02:49:27.032Z\",\r\n        \"Pressure\": 11\r\n    }, {\r\n        \"_time\": \"2017-07-22T03:24:27.032Z\",\r\n        \"Pressure\": 10\r\n    }, {\r\n        \"_time\": \"2017-07-22T03:59:27.032Z\",\r\n        \"Pressure\": 4\r\n    }, {\r\n        \"_time\": \"2017-07-22T04:34:27.032Z\",\r\n        \"Pressure\": 3\r\n    }, {\r\n        \"_time\": \"2017-07-22T05:09:27.032Z\",\r\n        \"Pressure\": 10\r\n    }, {\r\n        \"_time\": \"2017-07-22T05:44:27.032Z\",\r\n        \"Pressure\": 9\r\n    }, {\r\n        \"_time\": \"2017-07-22T06:19:27.032Z\",\r\n        \"Pressure\": 3\r\n    }, {\r\n        \"_time\": \"2017-07-22T06:54:27.032Z\",\r\n        \"Pressure\": 10\r\n    }, {\r\n        \"_time\": \"2017-07-22T07:29:27.032Z\",\r\n        \"Pressure\": 5\r\n    }, {\r\n        \"_time\": \"2017-07-22T08:04:27.032Z\",\r\n        \"Pressure\": 0\r\n    }, {\r\n        \"_time\": \"2017-07-22T08:39:27.032Z\",\r\n        \"Pressure\": 1\r\n    }, {\r\n        \"_time\": \"2017-07-22T09:14:27.032Z\",\r\n        \"Pressure\": 8\r\n    }, {\r\n        \"_time\": \"2017-07-22T09:49:27.032Z\",\r\n        \"Pressure\": 7\r\n    }, {\r\n        \"_time\": \"2017-07-22T10:24:27.032Z\",\r\n        \"Pressure\": 4\r\n    }, {\r\n        \"_time\": \"2017-07-22T10:59:27.032Z\",\r\n        \"Pressure\": 6\r\n    }, {\r\n        \"_time\": \"2017-07-22T11:34:27.032Z\",\r\n        \"Pressure\": 10\r\n    }, {\r\n        \"_time\": \"2017-07-22T12:09:27.032Z\",\r\n        \"Pressure\": 10\r\n    }, {\r\n        \"_time\": \"2017-07-22T12:44:27.032Z\",\r\n        \"Pressure\": 8\r\n    }, {\r\n        \"_time\": \"2017-07-22T13:19:27.032Z\",\r\n        \"Pressure\": 6\r\n    }, {\r\n        \"_time\": \"2017-07-22T13:54:27.032Z\",\r\n        \"Pressure\": 6\r\n    }, {\r\n        \"_time\": \"2017-07-22T14:29:27.032Z\",\r\n        \"Pressure\": 6\r\n    }, {\r\n        \"_time\": \"2017-07-22T15:04:27.032Z\",\r\n        \"Pressure\": 6\r\n    }, {\r\n        \"_time\": \"2017-07-22T15:39:27.032Z\",\r\n        \"Pressure\": 11\r\n    }, {\r\n        \"_time\": \"2017-07-22T16:14:27.032Z\",\r\n        \"Pressure\": 3\r\n    }, {\r\n        \"_time\": \"2017-07-22T16:49:27.032Z\",\r\n        \"Pressure\": 10\r\n    }, {\r\n        \"_time\": \"2017-07-22T17:24:27.032Z\",\r\n        \"Pressure\": 2\r\n    }, {\r\n        \"_time\": \"2017-07-22T17:59:27.032Z\",\r\n        \"Pressure\": 8\r\n    }, {\r\n        \"_time\": \"2017-07-22T18:34:27.032Z\",\r\n        \"Pressure\": 10\r\n    }, {\r\n        \"_time\": \"2017-07-22T19:09:27.032Z\",\r\n        \"Pressure\": 1\r\n    }, {\r\n        \"_time\": \"2017-07-22T19:44:27.032Z\",\r\n        \"Pressure\": 10\r\n    }, {\r\n        \"_time\": \"2017-07-22T20:19:27.032Z\",\r\n        \"Pressure\": 0\r\n    }, {\r\n        \"_time\": \"2017-07-22T20:54:27.032Z\",\r\n        \"Pressure\": 5\r\n    }, {\r\n        \"_time\": \"2017-07-22T21:29:27.032Z\",\r\n        \"Pressure\": 10\r\n    }, {\r\n        \"_time\": \"2017-07-22T22:04:27.032Z\",\r\n        \"Pressure\": 1\r\n    }, {\r\n        \"_time\": \"2017-07-22T22:39:27.032Z\",\r\n        \"Pressure\": 11\r\n    }, {\r\n        \"_time\": \"2017-07-22T23:14:27.032Z\",\r\n        \"Pressure\": 10\r\n    }, {\r\n        \"_time\": \"2017-07-22T23:49:27.032Z\",\r\n        \"Pressure\": 7\r\n    }, {\r\n        \"_time\": \"2017-07-23T00:24:27.032Z\",\r\n        \"Pressure\": 7\r\n    }, {\r\n        \"_time\": \"2017-07-23T00:59:27.032Z\",\r\n        \"Pressure\": 5\r\n    }, {\r\n        \"_time\": \"2017-07-23T01:34:27.032Z\",\r\n        \"Pressure\": 2\r\n    }, {\r\n        \"_time\": \"2017-07-23T02:09:27.032Z\",\r\n        \"Pressure\": 4\r\n    }, {\r\n        \"_time\": \"2017-07-23T02:44:27.032Z\",\r\n        \"Pressure\": 0\r\n    }, {\r\n        \"_time\": \"2017-07-23T03:19:27.032Z\",\r\n        \"Pressure\": 9\r\n    }, {\r\n        \"_time\": \"2017-07-23T03:54:27.032Z\",\r\n        \"Pressure\": 0\r\n    }, {\r\n        \"_time\": \"2017-07-23T04:29:27.032Z\",\r\n        \"Pressure\": 11\r\n    }, {\r\n        \"_time\": \"2017-07-23T05:04:27.032Z\",\r\n        \"Pressure\": 4\r\n    }, {\r\n        \"_time\": \"2017-07-23T05:39:27.032Z\",\r\n        \"Pressure\": 9\r\n    }, {\r\n        \"_time\": \"2017-07-23T06:14:27.032Z\",\r\n        \"Pressure\": 6\r\n    }, {\r\n        \"_time\": \"2017-07-23T06:49:27.032Z\",\r\n        \"Pressure\": 4\r\n    }, {\r\n        \"_time\": \"2017-07-23T07:24:27.032Z\",\r\n        \"Pressure\": 7\r\n    }, {\r\n        \"_time\": \"2017-07-23T07:59:27.032Z\",\r\n        \"Pressure\": 2\r\n    }, {\r\n        \"_time\": \"2017-07-23T08:34:27.032Z\",\r\n        \"Pressure\": 4\r\n    }, {\r\n        \"_time\": \"2017-07-23T09:09:27.032Z\",\r\n        \"Pressure\": 8\r\n    }, {\r\n        \"_time\": \"2017-07-23T09:44:27.032Z\",\r\n        \"Pressure\": 8\r\n    }, {\r\n        \"_time\": \"2017-07-23T10:19:27.032Z\",\r\n        \"Pressure\": 10\r\n    }, {\r\n        \"_time\": \"2017-07-23T10:54:27.032Z\",\r\n        \"Pressure\": 10\r\n    }, {\r\n        \"_time\": \"2017-07-23T11:29:27.032Z\",\r\n        \"Pressure\": 7\r\n    }, {\r\n        \"_time\": \"2017-07-23T12:04:27.032Z\",\r\n        \"Pressure\": 5\r\n    }, {\r\n        \"_time\": \"2017-07-23T12:39:27.032Z\",\r\n        \"Pressure\": 6\r\n    }, {\r\n        \"_time\": \"2017-07-23T13:14:27.032Z\",\r\n        \"Pressure\": 2\r\n    }, {\r\n        \"_time\": \"2017-07-23T13:49:27.032Z\",\r\n        \"Pressure\": 5\r\n    }, {\r\n        \"_time\": \"2017-07-23T14:24:27.032Z\",\r\n        \"Pressure\": 8\r\n    }, {\r\n        \"_time\": \"2017-07-23T14:59:27.032Z\",\r\n        \"Pressure\": 10\r\n    }, {\r\n        \"_time\": \"2017-07-23T15:34:27.032Z\",\r\n        \"Pressure\": 6\r\n    }, {\r\n        \"_time\": \"2017-07-23T16:09:27.032Z\",\r\n        \"Pressure\": 1\r\n    }, {\r\n        \"_time\": \"2017-07-23T16:44:27.032Z\",\r\n        \"Pressure\": 7\r\n    }, {\r\n        \"_time\": \"2017-07-23T17:19:27.032Z\",\r\n        \"Pressure\": 1\r\n    }, {\r\n        \"_time\": \"2017-07-23T17:54:27.032Z\",\r\n        \"Pressure\": 3\r\n    }, {\r\n        \"_time\": \"2017-07-23T18:29:27.032Z\",\r\n        \"Pressure\": 5\r\n    }, {\r\n        \"_time\": \"2017-07-23T19:04:27.032Z\",\r\n        \"Pressure\": 7\r\n    }, {\r\n        \"_time\": \"2017-07-23T19:39:27.032Z\",\r\n        \"Pressure\": 7\r\n    }, {\r\n        \"_time\": \"2017-07-23T20:14:27.032Z\",\r\n        \"Pressure\": 3\r\n    }, {\r\n        \"_time\": \"2017-07-23T20:49:27.032Z\",\r\n        \"Pressure\": 6\r\n    }, {\r\n        \"_time\": \"2017-07-23T21:24:27.032Z\",\r\n        \"Pressure\": 6\r\n    }, {\r\n        \"_time\": \"2017-07-23T21:59:27.032Z\",\r\n        \"Pressure\": 0\r\n    }, {\r\n        \"_time\": \"2017-07-23T22:34:27.032Z\",\r\n        \"Pressure\": 9\r\n    }, {\r\n        \"_time\": \"2017-07-23T23:09:27.032Z\",\r\n        \"Pressure\": 9\r\n    }, {\r\n        \"_time\": \"2017-07-23T23:44:27.032Z\",\r\n        \"Pressure\": 3\r\n    }, {\r\n        \"_time\": \"2017-07-24T00:19:27.032Z\",\r\n        \"Pressure\": 8\r\n    }, {\r\n        \"_time\": \"2017-07-24T00:54:27.032Z\",\r\n        \"Pressure\": 11\r\n    }, {\r\n        \"_time\": \"2017-07-24T01:29:27.032Z\",\r\n        \"Pressure\": 10\r\n    }, {\r\n        \"_time\": \"2017-07-24T02:04:27.032Z\",\r\n        \"Pressure\": 1\r\n    }, {\r\n        \"_time\": \"2017-07-24T02:39:27.032Z\",\r\n        \"Pressure\": 2\r\n    }, {\r\n        \"_time\": \"2017-07-24T03:14:27.032Z\",\r\n        \"Pressure\": 6\r\n    }, {\r\n        \"_time\": \"2017-07-24T03:49:27.032Z\",\r\n        \"Pressure\": 0\r\n    }, {\r\n        \"_time\": \"2017-07-24T04:24:27.032Z\",\r\n        \"Pressure\": 0\r\n    }, {\r\n        \"_time\": \"2017-07-24T04:59:27.032Z\",\r\n        \"Pressure\": 10\r\n    }, {\r\n        \"_time\": \"2017-07-24T05:34:27.032Z\",\r\n        \"Pressure\": 3\r\n    }, {\r\n        \"_time\": \"2017-07-24T06:09:27.032Z\",\r\n        \"Pressure\": 0\r\n    }, {\r\n        \"_time\": \"2017-07-24T06:44:27.032Z\",\r\n        \"Pressure\": 11\r\n    }, {\r\n        \"_time\": \"2017-07-24T07:19:27.032Z\",\r\n        \"Pressure\": 7\r\n    }, {\r\n        \"_time\": \"2017-07-24T07:54:27.032Z\",\r\n        \"Pressure\": 0\r\n    }, {\r\n        \"_time\": \"2017-07-24T08:29:27.032Z\",\r\n        \"Pressure\": 9\r\n    }, {\r\n        \"_time\": \"2017-07-24T09:04:27.032Z\",\r\n        \"Pressure\": 0\r\n    }, {\r\n        \"_time\": \"2017-07-24T09:39:27.032Z\",\r\n        \"Pressure\": 7\r\n    }, {\r\n        \"_time\": \"2017-07-24T10:14:27.032Z\",\r\n        \"Pressure\": 10\r\n    }, {\r\n        \"_time\": \"2017-07-24T10:49:27.032Z\",\r\n        \"Pressure\": 6\r\n    }, {\r\n        \"_time\": \"2017-07-24T11:24:27.032Z\",\r\n        \"Pressure\": 8\r\n    }, {\r\n        \"_time\": \"2017-07-24T11:59:27.032Z\",\r\n        \"Pressure\": 10\r\n    }, {\r\n        \"_time\": \"2017-07-24T12:34:27.032Z\",\r\n        \"Pressure\": 6\r\n    }, {\r\n        \"_time\": \"2017-07-24T13:09:27.032Z\",\r\n        \"Pressure\": 0\r\n    }, {\r\n        \"_time\": \"2017-07-24T13:44:27.032Z\",\r\n        \"Pressure\": 6\r\n    }, {\r\n        \"_time\": \"2017-07-24T14:19:27.032Z\",\r\n        \"Pressure\": 10\r\n    }, {\r\n        \"_time\": \"2017-07-24T14:54:27.032Z\",\r\n        \"Pressure\": 3\r\n    }, {\r\n        \"_time\": \"2017-07-24T15:29:27.032Z\",\r\n        \"Pressure\": 2\r\n    }, {\r\n        \"_time\": \"2017-07-24T16:04:27.032Z\",\r\n        \"Pressure\": 0\r\n    }, {\r\n        \"_time\": \"2017-07-24T16:39:27.032Z\",\r\n        \"Pressure\": 7\r\n    }, {\r\n        \"_time\": \"2017-07-24T17:14:27.032Z\",\r\n        \"Pressure\": 11\r\n    }, {\r\n        \"_time\": \"2017-07-24T17:49:27.032Z\",\r\n        \"Pressure\": 6\r\n    }, {\r\n        \"_time\": \"2017-07-24T18:24:27.032Z\",\r\n        \"Pressure\": 2\r\n    }, {\r\n        \"_time\": \"2017-07-24T18:59:27.032Z\",\r\n        \"Pressure\": 5\r\n    }, {\r\n        \"_time\": \"2017-07-24T19:34:27.032Z\",\r\n        \"Pressure\": 4\r\n    }, {\r\n        \"_time\": \"2017-07-24T20:09:27.032Z\",\r\n        \"Pressure\": 9\r\n    }, {\r\n        \"_time\": \"2017-07-24T20:44:27.032Z\",\r\n        \"Pressure\": 10\r\n    }, {\r\n        \"_time\": \"2017-07-24T21:19:27.032Z\",\r\n        \"Pressure\": 4\r\n    }, {\r\n        \"_time\": \"2017-07-24T21:54:27.032Z\",\r\n        \"Pressure\": 8\r\n    }, {\r\n        \"_time\": \"2017-07-24T22:29:27.032Z\",\r\n        \"Pressure\": 1\r\n    }, {\r\n        \"_time\": \"2017-07-24T23:04:27.032Z\",\r\n        \"Pressure\": 1\r\n    }, {\r\n        \"_time\": \"2017-07-24T23:39:27.032Z\",\r\n        \"Pressure\": 3\r\n    }, {\r\n        \"_time\": \"2017-07-25T00:14:27.032Z\",\r\n        \"Pressure\": 5\r\n    }, {\r\n        \"_time\": \"2017-07-25T00:49:27.032Z\",\r\n        \"Pressure\": 5\r\n    }, {\r\n        \"_time\": \"2017-07-25T01:24:27.032Z\",\r\n        \"Pressure\": 3\r\n    }, {\r\n        \"_time\": \"2017-07-25T01:59:27.032Z\",\r\n        \"Pressure\": 9\r\n    }, {\r\n        \"_time\": \"2017-07-25T02:34:27.032Z\",\r\n        \"Pressure\": 1\r\n    }, {\r\n        \"_time\": \"2017-07-25T03:09:27.032Z\",\r\n        \"Pressure\": 8\r\n    }, {\r\n        \"_time\": \"2017-07-25T03:44:27.032Z\",\r\n        \"Pressure\": 10\r\n    }, {\r\n        \"_time\": \"2017-07-25T04:19:27.032Z\",\r\n        \"Pressure\": 2\r\n    }, {\r\n        \"_time\": \"2017-07-25T04:54:27.032Z\",\r\n        \"Pressure\": 0\r\n    }, {\r\n        \"_time\": \"2017-07-25T05:29:27.032Z\",\r\n        \"Pressure\": 11\r\n    }, {\r\n        \"_time\": \"2017-07-25T06:04:27.032Z\",\r\n        \"Pressure\": 3\r\n    }, {\r\n        \"_time\": \"2017-07-25T06:39:27.032Z\",\r\n        \"Pressure\": 6\r\n    }, {\r\n        \"_time\": \"2017-07-25T07:14:27.032Z\",\r\n        \"Pressure\": 7\r\n    }, {\r\n        \"_time\": \"2017-07-25T07:49:27.032Z\",\r\n        \"Pressure\": 2\r\n    }, {\r\n        \"_time\": \"2017-07-25T08:24:27.032Z\",\r\n        \"Pressure\": 9\r\n    }, {\r\n        \"_time\": \"2017-07-25T08:59:27.032Z\",\r\n        \"Pressure\": 7\r\n    }, {\r\n        \"_time\": \"2017-07-25T09:34:27.032Z\",\r\n        \"Pressure\": 1\r\n    }, {\r\n        \"_time\": \"2017-07-25T10:09:27.032Z\",\r\n        \"Pressure\": 8\r\n    }, {\r\n        \"_time\": \"2017-07-25T10:44:27.032Z\",\r\n        \"Pressure\": 9\r\n    }, {\r\n        \"_time\": \"2017-07-25T11:19:27.032Z\",\r\n        \"Pressure\": 10\r\n    }, {\r\n        \"_time\": \"2017-07-25T11:54:27.032Z\",\r\n        \"Pressure\": 9\r\n    }, {\r\n        \"_time\": \"2017-07-25T12:29:27.032Z\",\r\n        \"Pressure\": 11\r\n    }, {\r\n        \"_time\": \"2017-07-25T13:04:27.032Z\",\r\n        \"Pressure\": 4\r\n    }, {\r\n        \"_time\": \"2017-07-25T13:39:27.032Z\",\r\n        \"Pressure\": 0\r\n    }, {\r\n        \"_time\": \"2017-07-25T14:14:27.032Z\",\r\n        \"Pressure\": 4\r\n    }, {\r\n        \"_time\": \"2017-07-25T14:49:27.032Z\",\r\n        \"Pressure\": 10\r\n    }, {\r\n        \"_time\": \"2017-07-25T15:24:27.032Z\",\r\n        \"Pressure\": 8\r\n    }, {\r\n        \"_time\": \"2017-07-25T15:59:27.032Z\",\r\n        \"Pressure\": 3\r\n    }, {\r\n        \"_time\": \"2017-07-25T16:34:27.032Z\",\r\n        \"Pressure\": 2\r\n    }, {\r\n        \"_time\": \"2017-07-25T17:09:27.032Z\",\r\n        \"Pressure\": 3\r\n    }, {\r\n        \"_time\": \"2017-07-25T17:44:27.032Z\",\r\n        \"Pressure\": 5\r\n    }, {\r\n        \"_time\": \"2017-07-25T18:19:27.032Z\",\r\n        \"Pressure\": 10\r\n    }, {\r\n        \"_time\": \"2017-07-25T18:54:27.032Z\",\r\n        \"Pressure\": 1\r\n    }, {\r\n        \"_time\": \"2017-07-25T19:29:27.032Z\",\r\n        \"Pressure\": 6\r\n    }, {\r\n        \"_time\": \"2017-07-25T20:04:27.032Z\",\r\n        \"Pressure\": 3\r\n    }, {\r\n        \"_time\": \"2017-07-25T20:39:27.032Z\",\r\n        \"Pressure\": 6\r\n    }, {\r\n        \"_time\": \"2017-07-25T21:14:27.032Z\",\r\n        \"Pressure\": 3\r\n    }, {\r\n        \"_time\": \"2017-07-25T21:49:27.032Z\",\r\n        \"Pressure\": 2\r\n    }, {\r\n        \"_time\": \"2017-07-25T22:24:27.032Z\",\r\n        \"Pressure\": 9\r\n    }, {\r\n        \"_time\": \"2017-07-25T22:59:27.032Z\",\r\n        \"Pressure\": 7\r\n    }, {\r\n        \"_time\": \"2017-07-25T23:34:27.032Z\",\r\n        \"Pressure\": 3\r\n    }, {\r\n        \"_time\": \"2017-07-26T00:09:27.032Z\",\r\n        \"Pressure\": 5\r\n    }, {\r\n        \"_time\": \"2017-07-26T00:44:27.032Z\",\r\n        \"Pressure\": 0\r\n    }, {\r\n        \"_time\": \"2017-07-26T01:19:27.032Z\",\r\n        \"Pressure\": 4\r\n    }, {\r\n        \"_time\": \"2017-07-26T01:54:27.032Z\",\r\n        \"Pressure\": 4\r\n    }, {\r\n        \"_time\": \"2017-07-26T02:29:27.032Z\",\r\n        \"Pressure\": 4\r\n    }, {\r\n        \"_time\": \"2017-07-26T03:04:27.032Z\",\r\n        \"Pressure\": 0\r\n    }, {\r\n        \"_time\": \"2017-07-26T03:39:27.032Z\",\r\n        \"Pressure\": 2\r\n    }, {\r\n        \"_time\": \"2017-07-26T04:14:27.032Z\",\r\n        \"Pressure\": 6\r\n    }, {\r\n        \"_time\": \"2017-07-26T04:49:27.032Z\",\r\n        \"Pressure\": 11\r\n    }, {\r\n        \"_time\": \"2017-07-26T05:24:27.032Z\",\r\n        \"Pressure\": 4\r\n    }, {\r\n        \"_time\": \"2017-07-26T05:59:27.032Z\",\r\n        \"Pressure\": 9\r\n    }, {\r\n        \"_time\": \"2017-07-26T06:34:27.032Z\",\r\n        \"Pressure\": 5\r\n    }, {\r\n        \"_time\": \"2017-07-26T07:09:27.032Z\",\r\n        \"Pressure\": 3\r\n    }, {\r\n        \"_time\": \"2017-07-26T07:44:27.032Z\",\r\n        \"Pressure\": 11\r\n    }, {\r\n        \"_time\": \"2017-07-26T08:19:27.032Z\",\r\n        \"Pressure\": 11\r\n    }, {\r\n        \"_time\": \"2017-07-26T08:54:27.032Z\",\r\n        \"Pressure\": 4\r\n    }, {\r\n        \"_time\": \"2017-07-26T09:29:27.032Z\",\r\n        \"Pressure\": 0\r\n    }, {\r\n        \"_time\": \"2017-07-26T10:04:27.032Z\",\r\n        \"Pressure\": 2\r\n    }, {\r\n        \"_time\": \"2017-07-26T10:39:27.032Z\",\r\n        \"Pressure\": 5\r\n    }, {\r\n        \"_time\": \"2017-07-26T11:14:27.032Z\",\r\n        \"Pressure\": 2\r\n    }, {\r\n        \"_time\": \"2017-07-26T11:49:27.032Z\",\r\n        \"Pressure\": 1\r\n    }, {\r\n        \"_time\": \"2017-07-26T12:24:27.032Z\",\r\n        \"Pressure\": 2\r\n    }, {\r\n        \"_time\": \"2017-07-26T12:59:27.032Z\",\r\n        \"Pressure\": 0\r\n    }, {\r\n        \"_time\": \"2017-07-26T13:34:27.032Z\",\r\n        \"Pressure\": 0\r\n    }, {\r\n        \"_time\": \"2017-07-26T14:09:27.032Z\",\r\n        \"Pressure\": 0\r\n    }]\r\n}",
			"url": "https://{{tenant}}.{{endpoint}}/appiot-mds/Things('{{yourthingId}}')/{{packagePrefix}}.{{packageId}}:greenhouse_{{number}}/status_capability_{{number}}",
			"responses": [],
			"pathVariableData": [],
			"queryParams": [],
			"headerData": [
				{
					"key": "Content-Type",
					"value": "application/json",
					"description": ""
				},
				{
					"key": "x-csrf-token",
					"value": "{{x-csrf-token}}",
					"description": ""
				}
			],
			"collection_id": "420395db-8033-90b9-4362-e87a6ec998d0",
			"folder": "2f9b3b1b-c9f7-4830-2b01-49a191770e85",
			"preRequestScript": "",
			"tests": ""
		},
		{
			"id": "19394d19-1775-b57b-72d2-6603e38fba79",
			"name": "Write Reference data",
			"description": "",
			"collectionId": "420395db-8033-90b9-4362-e87a6ec998d0",
			"method": "PUT",
			"headers": "Content-Type: application/json\nx-csrf-token: {{x-csrf-token}}",
			"dataMode": "raw",
			"data": [],
			"rawModeData": "{\n  \"value\": [\n    {\n      \"_time\": \"{{currentDate}}\",\n      \"LowLowerThresholdPressure\": \"1.0\",\n      \"UpperUpperThresholdPressure\": \"14.0\",\n      \"UpperThresholdPressure\": \"12.0\",\n      \"UoMPressure\": null\n    }\n  ]\n}",
			"tests": "",
			"preRequestScript": "var d = new Date();\npostman.setEnvironmentVariable(\"currentDate\", d.toISOString());",
			"url": " https://{{tenant}}.{{endpoint}}/appiot-mds/Things('{{yourthingId}}')/ReferenceProperties/{{packagePrefix}}.{{packageId}}:greenhouse_{{number}}/status_capability_{{number}}",
			"responses": [],
			"pathVariableData": [],
			"queryParams": [],
			"headerData": [
				{
					"key": "Content-Type",
					"value": "application/json",
					"description": ""
				},
				{
					"key": "x-csrf-token",
					"value": "{{x-csrf-token}}",
					"description": ""
				}
			],
			"collection_id": "420395db-8033-90b9-4362-e87a6ec998d0",
			"folder": "3f847029-7e33-df94-93f2-769bcacb2bae"
		},
		{
			"id": "20af2c76-898a-0d5e-75bf-7e5c527eb0c7",
			"name": "Create Event",
			"description": "",
			"collectionId": "420395db-8033-90b9-4362-e87a6ec998d0",
			"method": "POST",
			"headers": "Content-Type: application/json\nx-csrf-token: {{x-csrf-token}}",
			"dataMode": "raw",
			"data": [],
			"rawModeData": "{\r\n    \"_businessTimeStamp\": \"{{currentDate}}\",\r\n    \"_externalId\": \"ThresholdViolation\",\r\n    \"_type\": \"Threshold\",\r\n    \"_status\": \"Open\",\r\n    \"_severity\": 1,\r\n    \"_code\": 1,\r\n    \"_thingId\": \"{{yourthingId}}\",\r\n    \"_thingProperty\": \"{{packagePrefix}}.{{packageId}}:greenhouse_{{number}}/status_capability_{{number}}/Pressure\",\r\n    \"_description\": \"Pressure exceeded the configured threshold\",\r\n    \"_source\": \"Manual creation\"\r\n}",
			"tests": "",
			"preRequestScript": "var d = new Date();\npostman.setEnvironmentVariable(\"currentDate\", d.toISOString());",
			"url": "https://{{tenant}}.{{endpoint}}/appiot-mds/Events",
			"responses": [],
			"pathVariableData": [],
			"queryParams": [],
			"headerData": [
				{
					"key": "Content-Type",
					"value": "application/json",
					"description": ""
				},
				{
					"key": "x-csrf-token",
					"value": "{{x-csrf-token}}",
					"description": ""
				}
			],
			"collection_id": "420395db-8033-90b9-4362-e87a6ec998d0",
			"folder": "d1c323c8-2f15-c44e-8965-ab2bcbf7d01b"
		},
		{
			"id": "22f0fab7-3940-cee0-9914-6164f632bda8",
			"name": "Configuration OData - Read Thing Types",
			"description": "",
			"collectionId": "420395db-8033-90b9-4362-e87a6ec998d0",
			"method": "GET",
			"headers": "Content-Type: application/json",
			"dataMode": "raw",
			"data": [],
			"rawModeData": "",
			"url": "https://{{tenant}}.{{endpoint}}/config-thing-sap/ThingConfiguration/v1/ThingTypes",
			"responses": [],
			"pathVariableData": [],
			"queryParams": [],
			"headerData": [
				{
					"key": "Content-Type",
					"value": "application/json",
					"description": ""
				}
			],
			"collection_id": "420395db-8033-90b9-4362-e87a6ec998d0",
			"folder": "9369cf38-a66c-2072-ee2b-9ab2079dd834",
			"preRequestScript": "",
			"tests": ""
		},
		{
			"id": "2fff4bcf-d112-93c5-91f1-de17de8f8395",
			"name": "Aggregate Query - M4",
			"description": "",
			"collectionId": "420395db-8033-90b9-4362-e87a6ec998d0",
			"method": "GET",
			"headers": "Content-Type: application/json",
			"dataMode": "raw",
			"data": [],
			"rawModeData": "",
			"pathVariables": {},
			"tests": "",
			"preRequestScript": "var d = new Date();\npostman.setEnvironmentVariable(\"currentDate\", d.toISOString());",
			"url": "https://{{tenant}}.{{endpoint}}/appiot-mds/Things('{{yourthingId}}')/{{packagePrefix}}.{{packageId}}:greenhouse_{{number}}/status_capability_{{number}}?timerange=2017-07-25T03:00:00Z-{{currentDate}}&$apply=sap.lineChart(divisions=5,property='Pressure')",
			"responses": [],
			"pathVariableData": [],
			"queryParams": [
				{
					"key": "timerange",
					"value": "2017-07-25T03:00:00Z-{{currentDate}}",
					"equals": true,
					"description": ""
				},
				{
					"key": "$apply",
					"value": "sap.lineChart(divisions=5,property='Pressure')",
					"equals": true,
					"description": ""
				}
			],
			"headerData": [
				{
					"key": "Content-Type",
					"value": "application/json",
					"description": ""
				}
			],
			"collection_id": "420395db-8033-90b9-4362-e87a6ec998d0",
			"folder": "2f9b3b1b-c9f7-4830-2b01-49a191770e85"
		},
		{
			"id": "301f510d-2d40-4488-49ba-e4e08fbf737f",
			"name": "Read all Events",
			"description": "",
			"collectionId": "420395db-8033-90b9-4362-e87a6ec998d0",
			"method": "GET",
			"headers": "Content-Type: application/json",
			"dataMode": "raw",
			"data": [],
			"rawModeData": "",
			"url": "https://{{tenant}}.{{endpoint}}/appiot-mds/Events",
			"responses": [],
			"pathVariableData": [],
			"queryParams": [],
			"headerData": [
				{
					"key": "Content-Type",
					"value": "application/json",
					"description": ""
				}
			],
			"collection_id": "420395db-8033-90b9-4362-e87a6ec998d0",
			"folder": "9369cf38-a66c-2072-ee2b-9ab2079dd834",
			"preRequestScript": "",
			"tests": ""
		},
		{
			"id": "3acf8bfb-dc01-f0f3-080d-c7002b026ba7",
			"name": "Read all Locations",
			"description": "",
			"collectionId": "420395db-8033-90b9-4362-e87a6ec998d0",
			"method": "GET",
			"headers": "Content-Type: application/json",
			"dataMode": "raw",
			"data": [],
			"rawModeData": "",
			"url": "https://{{tenant}}.{{endpoint}}/location/Locations",
			"responses": [],
			"pathVariableData": [],
			"queryParams": [],
			"headerData": [
				{
					"key": "Content-Type",
					"value": "application/json",
					"description": ""
				}
			],
			"collection_id": "420395db-8033-90b9-4362-e87a6ec998d0",
			"folder": "9369cf38-a66c-2072-ee2b-9ab2079dd834",
			"preRequestScript": "",
			"tests": ""
		},
		{
			"id": "4015344c-e1af-1862-b39e-d2fdb3eab3f7",
			"name": "Read Snapshot data for your thing",
			"description": "",
			"collectionId": "420395db-8033-90b9-4362-e87a6ec998d0",
			"method": "GET",
			"headers": "Content-Type: application/json",
			"dataMode": "raw",
			"data": [],
			"rawModeData": "",
			"url": "https://{{tenant}}.{{endpoint}}/appiot-mds/v2/Snapshot(thingId='{{yourthingId}}',fromTime='',toTime='',dataCategory='')",
			"responses": [],
			"pathVariableData": [],
			"queryParams": [],
			"headerData": [
				{
					"key": "Content-Type",
					"value": "application/json",
					"description": ""
				}
			],
			"collection_id": "420395db-8033-90b9-4362-e87a6ec998d0",
			"folder": "e637a5a6-e0f8-31b0-a01c-edb74b4a6e30",
			"preRequestScript": "",
			"tests": ""
		},
		{
			"id": "4a29d1cf-8f2e-0e05-cdf9-6e6da0d02a94",
			"name": "Fetch csrf token for Event",
			"description": "",
			"collectionId": "420395db-8033-90b9-4362-e87a6ec998d0",
			"method": "GET",
			"headers": "Content-Type: application/json\nx-csrf-token: Fetch",
			"dataMode": "raw",
			"data": [],
			"rawModeData": "",
			"tests": "postman.setEnvironmentVariable(\"x-csrf-token\", responseHeaders[\"X-Csrf-Token\"]);",
			"preRequestScript": "",
			"url": "https://{{tenant}}.{{endpoint}}/appiot-mds/Events",
			"responses": [],
			"pathVariableData": [],
			"queryParams": [],
			"headerData": [
				{
					"key": "Content-Type",
					"value": "application/json",
					"description": ""
				},
				{
					"key": "x-csrf-token",
					"value": "Fetch",
					"description": ""
				}
			],
			"collection_id": "420395db-8033-90b9-4362-e87a6ec998d0",
			"folder": "d1c323c8-2f15-c44e-8965-ab2bcbf7d01b"
		},
		{
			"id": "4d8e5ba4-8a42-9426-1809-00467de9a8b3",
			"name": "Read Reference data for a PropertySetType",
			"description": "",
			"collectionId": "420395db-8033-90b9-4362-e87a6ec998d0",
			"method": "GET",
			"headers": "Content-Type: application/json",
			"dataMode": "raw",
			"data": [],
			"rawModeData": "{\n  \"value\": [\n    {\n      \"_time\": \"2016-08-01T09:00:00Z\",\n      \"air_quality_UoM\": \"GJ\",\n      \"air_quality_UpperThreshold\": 100,\n      \"air_quality_LowerThreshold\": 10,\n      \"air_quality_LowLowerThreshold\": 5,\n      \"air_quality_UpperUpperThreshold\": 150\n      \n    },\n    {\n      \"_time\": \"2016-09-01T09:00:00Z\",\n      \"air_quality_UoM\": \"Btu\",\n      \"air_quality_UpperThreshold\": 100,\n      \"air_quality_LowerThreshold\": 20,\n      \"air_quality_LowLowerThreshold\": 5,\n      \"air_quality_UpperUpperThreshold\": 150\n    }\n  ]\n}",
			"url": " https://{{tenant}}.{{endpoint}}/appiot-mds/Things('{{yourthingId}}')/ReferenceProperties/{{packagePrefix}}.{{packageId}}:greenhouse_{{number}}/status_capability_{{number}}",
			"responses": [],
			"pathVariableData": [],
			"queryParams": [],
			"headerData": [
				{
					"key": "Content-Type",
					"value": "application/json",
					"description": ""
				}
			],
			"collection_id": "420395db-8033-90b9-4362-e87a6ec998d0",
			"folder": "3f847029-7e33-df94-93f2-769bcacb2bae",
			"preRequestScript": "",
			"tests": ""
		},
		{
			"id": "54c53586-44a2-fd33-e649-bef91b108259",
			"name": "Fetch csrf token",
			"description": "",
			"collectionId": "420395db-8033-90b9-4362-e87a6ec998d0",
			"method": "GET",
			"headers": "Content-Type: application/json\nx-csrf-token: Fetch",
			"dataMode": "raw",
			"data": [],
			"rawModeData": "",
			"tests": "postman.setEnvironmentVariable(\"x-csrf-token\", responseHeaders[\"X-Csrf-Token\"]);",
			"preRequestScript": "",
			"url": "https://{{tenant}}.{{endpoint}}/appiot-mds/Things",
			"responses": [],
			"pathVariableData": [],
			"queryParams": [],
			"headerData": [
				{
					"key": "Content-Type",
					"value": "application/json",
					"description": ""
				},
				{
					"key": "x-csrf-token",
					"value": "Fetch",
					"description": ""
				}
			],
			"collection_id": "420395db-8033-90b9-4362-e87a6ec998d0",
			"folder": "3f847029-7e33-df94-93f2-769bcacb2bae"
		},
		{
			"id": "573d3fd9-5455-38c1-cb64-d67c15a72656",
			"name": "Composite Things OData - Metadata",
			"description": "",
			"collectionId": "420395db-8033-90b9-4362-e87a6ec998d0",
			"method": "GET",
			"headers": "Content-Type: application/json",
			"dataMode": "raw",
			"data": [],
			"rawModeData": "",
			"url": "https://{{tenant}}.{{endpoint}}/composite-things-odata/CompositeThings/v1/$metadata",
			"responses": [],
			"pathVariableData": [],
			"queryParams": [],
			"headerData": [
				{
					"key": "Content-Type",
					"value": "application/json",
					"description": ""
				}
			],
			"collection_id": "420395db-8033-90b9-4362-e87a6ec998d0",
			"folder": "9369cf38-a66c-2072-ee2b-9ab2079dd834",
			"preRequestScript": "",
			"tests": ""
		},
		{
			"id": "5aacf186-c289-76bd-a447-dab9b13a996f",
			"name": "Read all Measurements for a period of Time, Thing and Property Set Type",
			"description": "",
			"collectionId": "420395db-8033-90b9-4362-e87a6ec998d0",
			"method": "GET",
			"headers": "Content-Type: application/json",
			"dataMode": "raw",
			"data": [],
			"rawModeData": "",
			"pathVariables": {},
			"tests": "",
			"preRequestScript": "var d = new Date();\nvar s = d.toISOString();\npostman.setEnvironmentVariable(\"currentDate\", s.slice(0, -1));",
			"url": "https://{{tenant}}.{{endpoint}}/analytics-thing-sap/{{packagePrefix}}.{{packageId}}:status_capability_{{number}}/measurements?$filter=id eq '{{yourthingId}}' and time ge datetime'2017-07-01T00:00:00' and time lt datetime'{{currentDate}}'",
			"responses": [],
			"pathVariableData": [],
			"queryParams": [
				{
					"key": "$filter",
					"value": "id eq '{{yourthingId}}' and time ge datetime'2017-07-01T00:00:00' and time lt datetime'{{currentDate}}'",
					"equals": true,
					"description": ""
				}
			],
			"headerData": [
				{
					"key": "Content-Type",
					"value": "application/json",
					"description": ""
				}
			],
			"collection_id": "420395db-8033-90b9-4362-e87a6ec998d0",
			"folder": "7442d8cf-6823-6894-43ff-7e0055b19410"
		},
		{
			"id": "5af61c01-d0ce-c5f5-5c47-85afcccd170e",
			"name": "Read All EventTypes",
			"description": "",
			"collectionId": "420395db-8033-90b9-4362-e87a6ec998d0",
			"method": "GET",
			"headers": "Content-Type: application/json",
			"dataMode": "raw",
			"data": [],
			"rawModeData": "",
			"url": "https://{{tenant}}.{{endpoint}}/appiot-tes/Events/EventTypes",
			"responses": [],
			"pathVariableData": [],
			"queryParams": [],
			"headerData": [
				{
					"key": "Content-Type",
					"value": "application/json",
					"description": ""
				}
			],
			"collection_id": "420395db-8033-90b9-4362-e87a6ec998d0",
			"folder": "d1c323c8-2f15-c44e-8965-ab2bcbf7d01b",
			"preRequestScript": "",
			"tests": ""
		},
		{
			"id": "5d5064f0-a11f-fbf1-dd13-d3ccbfa1abd6",
			"name": "Composite Things",
			"description": "",
			"collectionId": "420395db-8033-90b9-4362-e87a6ec998d0",
			"method": "GET",
			"headers": "Content-Type: application/json",
			"dataMode": "raw",
			"data": [],
			"rawModeData": "",
			"url": "https://{{tenant}}.{{endpoint}}/appiot-mds/Composite/Things",
			"responses": [],
			"pathVariableData": [],
			"queryParams": [],
			"headerData": [
				{
					"key": "Content-Type",
					"value": "application/json",
					"description": ""
				}
			],
			"collection_id": "420395db-8033-90b9-4362-e87a6ec998d0",
			"folder": "9369cf38-a66c-2072-ee2b-9ab2079dd834",
			"preRequestScript": "",
			"tests": ""
		},
		{
			"id": "5dd85b64-d95a-e0f0-b557-7edd2caf159c",
			"name": "Read Timeseries Data",
			"description": "",
			"collectionId": "420395db-8033-90b9-4362-e87a6ec998d0",
			"method": "GET",
			"headers": "Content-Type: application/json",
			"dataMode": "raw",
			"data": [],
			"rawModeData": "{\n  \"value\": [\n    {\n      \"_time\": \"2017-02-02T06:00:03Z\",\n      \"status_capability_{{number}}\": \"22\",\n      \"status_capability_{{number}}_QC\": \"40\"\n    },\n    {\n      \"_time\": \"2017-02-02T06:10:03Z\",\n      \"status_capability_{{number}}\": \"24\",\n      \"status_capability_{{number}}_QC\": \"14\"\n    }\n  ]\n}",
			"pathVariables": {},
			"url": "https://{{tenant}}.{{endpoint}}/appiot-mds/Things('{{yourthingId}}')/{{packagePrefix}}.{{packageId}}:greenhouse_{{number}}/status_capability_{{number}}?timerange=1D",
			"responses": [],
			"pathVariableData": [],
			"queryParams": [
				{
					"key": "timerange",
					"value": "1D"
				}
			],
			"headerData": [
				{
					"key": "Content-Type",
					"value": "application/json",
					"description": ""
				}
			],
			"collection_id": "420395db-8033-90b9-4362-e87a6ec998d0",
			"folder": "2f9b3b1b-c9f7-4830-2b01-49a191770e85",
			"preRequestScript": "",
			"tests": ""
		},
		{
			"id": "61349290-beb5-c2e8-ca72-9ab562dbf87b",
			"name": "Fetch csrf token ",
			"description": "",
			"collectionId": "420395db-8033-90b9-4362-e87a6ec998d0",
			"method": "GET",
			"headers": "Content-Type: application/json\nx-csrf-token: Fetch",
			"dataMode": "raw",
			"data": [],
			"rawModeData": "",
			"tests": "postman.setEnvironmentVariable(\"x-csrf-token\", responseHeaders[\"X-Csrf-Token\"]);",
			"preRequestScript": "",
			"url": "https://{{tenant}}.{{endpoint}}/appiot-mds/Things",
			"responses": [],
			"pathVariableData": [],
			"queryParams": [],
			"headerData": [
				{
					"key": "Content-Type",
					"value": "application/json",
					"description": ""
				},
				{
					"key": "x-csrf-token",
					"value": "Fetch",
					"description": ""
				}
			],
			"collection_id": "420395db-8033-90b9-4362-e87a6ec998d0",
			"folder": "2f9b3b1b-c9f7-4830-2b01-49a191770e85"
		},
		{
			"id": "6380de6e-86e2-757c-d970-e48c8cff14a8",
			"headers": "Content-Type: application/json\n",
			"headerData": [
				{
					"key": "Content-Type",
					"value": "application/json",
					"description": "",
					"enabled": true
				}
			],
			"url": "https://{{tenant}}.{{endpoint}}/appiot-mds/Configuration/ThingTypes('{{packagePrefix}}.{{packageId}}.{{number}}:greenhouse_tt_{{number}}')",
			"folder": "d117b23c-a539-c2af-fd80-61efde7d867e",
			"queryParams": [],
			"preRequestScript": "",
			"pathVariables": {},
			"pathVariableData": [],
			"method": "GET",
			"data": [],
			"dataMode": "raw",
			"tests": "",
			"currentHelper": "normal",
			"helperAttributes": {},
			"time": 1552939636178,
			"name": "Read Thing Type",
			"description": "",
			"collectionId": "420395db-8033-90b9-4362-e87a6ec998d0",
			"responses": [],
			"rawModeData": "",
			"collection_id": "420395db-8033-90b9-4362-e87a6ec998d0"
		},
		{
			"id": "641d25a2-47f5-6297-75e5-9bafde86efba",
			"name": "Composite Events OData - Metadata",
			"description": "",
			"collectionId": "420395db-8033-90b9-4362-e87a6ec998d0",
			"method": "GET",
			"headers": "Content-Type: application/json",
			"dataMode": "raw",
			"data": [],
			"rawModeData": "",
			"url": "https://{{tenant}}.{{endpoint}}/composite-events-odata/CompositeEvents/v1/$metadata",
			"responses": [],
			"pathVariableData": [],
			"queryParams": [],
			"headerData": [
				{
					"key": "Content-Type",
					"value": "application/json",
					"description": ""
				}
			],
			"collection_id": "420395db-8033-90b9-4362-e87a6ec998d0",
			"folder": "9369cf38-a66c-2072-ee2b-9ab2079dd834",
			"preRequestScript": "",
			"tests": ""
		},
		{
			"id": "6d0ab8b9-c1fb-365c-af9f-1c331252638d",
			"name": "Aggregate Query - Snapshot",
			"description": "",
			"collectionId": "420395db-8033-90b9-4362-e87a6ec998d0",
			"method": "GET",
			"headers": "Content-Type: application/json",
			"dataMode": "raw",
			"data": [],
			"rawModeData": "",
			"url": "https://{{tenant}}.{{endpoint}}/appiot-mds/v2/Snapshot(thingId='{{yourthingId}}',fromTime='',toTime='',dataCategory='TimeSeriesData')",
			"responses": [],
			"pathVariableData": [],
			"queryParams": [],
			"headerData": [
				{
					"key": "Content-Type",
					"value": "application/json",
					"description": ""
				}
			],
			"collection_id": "420395db-8033-90b9-4362-e87a6ec998d0",
			"folder": "2f9b3b1b-c9f7-4830-2b01-49a191770e85",
			"preRequestScript": "",
			"tests": ""
		},
		{
			"id": "73c46892-8ded-267a-892e-ff0a7660c1a2",
			"name": "Read Event for your thing",
			"description": "",
			"collectionId": "420395db-8033-90b9-4362-e87a6ec998d0",
			"method": "GET",
			"headers": "Content-Type: application/json",
			"dataMode": "raw",
			"data": [],
			"rawModeData": "",
			"pathVariables": {},
			"url": "https://{{tenant}}.{{endpoint}}/appiot-mds/Events?$filter=_thingId eq '{{yourthingId}}'",
			"responses": [],
			"pathVariableData": [],
			"queryParams": [
				{
					"key": "$filter",
					"value": "_thingId eq '{{yourthingId}}'"
				}
			],
			"headerData": [
				{
					"key": "Content-Type",
					"value": "application/json",
					"description": ""
				}
			],
			"collection_id": "420395db-8033-90b9-4362-e87a6ec998d0",
			"folder": "d1c323c8-2f15-c44e-8965-ab2bcbf7d01b",
			"preRequestScript": "",
			"tests": ""
		},
		{
			"id": "7670e29a-a7cb-808f-3fbf-2309e0f197ba",
			"name": "Delete Event for your thing",
			"description": "",
			"collectionId": "420395db-8033-90b9-4362-e87a6ec998d0",
			"method": "DELETE",
			"headers": "x-csrf-token: {{x-csrf-token}}",
			"dataMode": "raw",
			"data": [],
			"rawModeData": "",
			"pathVariables": {},
			"url": "https://{{tenant}}.{{endpoint}}/appiot-mds/Events?$filter=_thingId eq '{{yourthingId}}' and _businessTimeStamp gt 2017-01-24T09:00:00Z",
			"responses": [],
			"pathVariableData": [],
			"queryParams": [
				{
					"key": "$filter",
					"value": "_thingId eq '{{yourthingId}}' and _businessTimeStamp gt 2017-01-24T09:00:00Z",
					"equals": true,
					"description": ""
				}
			],
			"headerData": [
				{
					"key": "x-csrf-token",
					"value": "{{x-csrf-token}}",
					"description": ""
				}
			],
			"collection_id": "420395db-8033-90b9-4362-e87a6ec998d0",
			"folder": "11ab1df8-4aa8-3148-560c-6a02ca8af54c",
			"preRequestScript": "",
			"tests": ""
		},
		{
			"id": "8103f792-dbc4-77c1-edbd-ce6e2996eb82",
			"name": "Timeseries retention period",
			"description": "",
			"collectionId": "420395db-8033-90b9-4362-e87a6ec998d0",
			"method": "GET",
			"headers": "Content-Type: application/json",
			"dataMode": "raw",
			"data": [],
			"rawModeData": "{\r\n    \"_tenant\" : \"iotae-ekt\"\r\n}",
			"url": "https://{{tenant}}.{{endpoint}}/appiot-mds/TimeseriesRetentionPeriod",
			"responses": [],
			"pathVariableData": [],
			"queryParams": [],
			"headerData": [
				{
					"key": "Content-Type",
					"value": "application/json",
					"description": ""
				}
			],
			"collection_id": "420395db-8033-90b9-4362-e87a6ec998d0",
			"folder": "2f9b3b1b-c9f7-4830-2b01-49a191770e85",
			"preRequestScript": "",
			"tests": ""
		},
		{
			"id": "822f3a22-0a27-0fb8-6f99-26b5c48bfa5f",
			"name": "Fetch csrf token",
			"description": "",
			"collectionId": "420395db-8033-90b9-4362-e87a6ec998d0",
			"method": "GET",
			"headers": "Content-Type: application/json\nx-csrf-token: Fetch",
			"dataMode": "raw",
			"data": [],
			"rawModeData": "",
			"tests": "postman.setEnvironmentVariable(\"x-csrf-token\", responseHeaders[\"X-Csrf-Token\"]);",
			"preRequestScript": "",
			"url": "https://{{tenant}}.{{endpoint}}/appiot-mds/Things",
			"responses": [],
			"pathVariableData": [],
			"queryParams": [],
			"headerData": [
				{
					"key": "Content-Type",
					"value": "application/json",
					"description": ""
				},
				{
					"key": "x-csrf-token",
					"value": "Fetch",
					"description": ""
				}
			],
			"collection_id": "420395db-8033-90b9-4362-e87a6ec998d0",
			"folder": "11ab1df8-4aa8-3148-560c-6a02ca8af54c"
		},
		{
			"id": "8d3eb461-8793-5e8b-fb4f-bec168da3fdb",
			"name": "Read Aggregates for a period of Time, Thing and Property Set Type",
			"description": "",
			"collectionId": "420395db-8033-90b9-4362-e87a6ec998d0",
			"method": "GET",
			"headers": "Content-Type: application/json",
			"dataMode": "raw",
			"data": [],
			"rawModeData": "",
			"pathVariables": {},
			"tests": "",
			"preRequestScript": "var d = new Date();\nvar s = d.toISOString();\npostman.setEnvironmentVariable(\"currentDate\", s.slice(0, -1));",
			"url": "https://{{tenant}}.{{endpoint}}/analytics-thing-sap/{{packagePrefix}}.{{packageId}}:status_capability_{{number}}/aggregates?$filter=id eq '{{yourthingId}}' and time ge datetime'2017-07-01T00:00:00' and time lt datetime'{{currentDate}}'",
			"responses": [],
			"pathVariableData": [],
			"queryParams": [
				{
					"key": "$filter",
					"value": "id eq '{{yourthingId}}' and time ge datetime'2017-07-01T00:00:00' and time lt datetime'{{currentDate}}'",
					"equals": true,
					"description": ""
				}
			],
			"headerData": [
				{
					"key": "Content-Type",
					"value": "application/json",
					"description": ""
				}
			],
			"collection_id": "420395db-8033-90b9-4362-e87a6ec998d0",
			"folder": "7442d8cf-6823-6894-43ff-7e0055b19410"
		},
		{
			"id": "8e094a03-b4a6-2ec9-0d51-5f8786bcdfe9",
			"name": "Read Metadata for a Thing",
			"description": "",
			"collectionId": "420395db-8033-90b9-4362-e87a6ec998d0",
			"method": "GET",
			"headers": "Content-Type: application/json",
			"dataMode": "raw",
			"data": [],
			"rawModeData": "",
			"url": "https://{{tenant}}.{{endpoint}}/appiot-mds/Things('{{yourthingId}}')/Configuration",
			"responses": [],
			"pathVariableData": [],
			"queryParams": [],
			"headerData": [
				{
					"key": "Content-Type",
					"value": "application/json",
					"description": ""
				}
			],
			"collection_id": "420395db-8033-90b9-4362-e87a6ec998d0",
			"folder": "e637a5a6-e0f8-31b0-a01c-edb74b4a6e30",
			"preRequestScript": "",
			"tests": ""
		},
		{
			"id": "976fd53e-99bb-086d-e9ca-b06c23a8c2dd",
			"name": "Read All Events",
			"description": "",
			"collectionId": "420395db-8033-90b9-4362-e87a6ec998d0",
			"method": "GET",
			"headers": "Content-Type: application/json",
			"dataMode": "raw",
			"data": [],
			"rawModeData": "",
			"url": "https://{{tenant}}.{{endpoint}}/appiot-mds/Events",
			"responses": [],
			"pathVariableData": [],
			"queryParams": [],
			"headerData": [
				{
					"key": "Content-Type",
					"value": "application/json",
					"description": ""
				}
			],
			"collection_id": "420395db-8033-90b9-4362-e87a6ec998d0",
			"folder": "d1c323c8-2f15-c44e-8965-ab2bcbf7d01b",
			"preRequestScript": "",
			"tests": ""
		},
		{
			"id": "9b314956-7f74-d97e-16c1-93863c0bad06",
			"name": "Composite Things OData - Read Details of a Thing copy",
			"description": "",
			"collectionId": "420395db-8033-90b9-4362-e87a6ec998d0",
			"method": "GET",
			"headers": "Content-Type: application/json",
			"dataMode": "raw",
			"data": [],
			"rawModeData": "",
			"url": "https://{{tenant}}.{{endpoint}}/composite-things-odata/CompositeThings/ThingType/v1/{{packagePrefix}}.{{packageId}}:greenhouse_{{number}}/$metadata",
			"responses": [],
			"pathVariableData": [],
			"queryParams": [],
			"headerData": [
				{
					"key": "Content-Type",
					"value": "application/json",
					"description": ""
				}
			],
			"collection_id": "420395db-8033-90b9-4362-e87a6ec998d0",
			"folder": "9369cf38-a66c-2072-ee2b-9ab2079dd834",
			"preRequestScript": "",
			"tests": ""
		},
		{
			"id": "9c6804ee-c850-0e1c-02a6-fccea4cb9972",
			"name": "Delete Timeseries Data",
			"description": "",
			"collectionId": "420395db-8033-90b9-4362-e87a6ec998d0",
			"method": "DELETE",
			"headers": "x-csrf-token: {{x-csrf-token}}",
			"dataMode": "raw",
			"data": [],
			"rawModeData": "",
			"pathVariables": {},
			"url": "https://{{tenant}}.{{endpoint}}/appiot-mds/Things('{{yourthingId}}')/{{packagePrefix}}.{{packageId}}:greenhouse_{{number}}/status_capability_{{number}}?timerange=89D",
			"responses": [],
			"pathVariableData": [],
			"queryParams": [
				{
					"key": "timerange",
					"value": "89D",
					"equals": true,
					"description": ""
				}
			],
			"headerData": [
				{
					"key": "x-csrf-token",
					"value": "{{x-csrf-token}}",
					"description": ""
				}
			],
			"collection_id": "420395db-8033-90b9-4362-e87a6ec998d0",
			"folder": "11ab1df8-4aa8-3148-560c-6a02ca8af54c",
			"preRequestScript": "",
			"tests": ""
		},
		{
			"id": "9f7d72fb-ec16-5cf3-ee22-861bb037eead",
			"name": "Read all Things",
			"description": "",
			"collectionId": "420395db-8033-90b9-4362-e87a6ec998d0",
			"method": "GET",
			"headers": "Content-Type: application/json",
			"dataMode": "raw",
			"data": [],
			"rawModeData": "",
			"url": "https://{{tenant}}.{{endpoint}}/appiot-mds/Things",
			"responses": [],
			"pathVariableData": [],
			"queryParams": [],
			"headerData": [
				{
					"key": "Content-Type",
					"value": "application/json",
					"description": ""
				}
			],
			"collection_id": "420395db-8033-90b9-4362-e87a6ec998d0",
			"folder": "9369cf38-a66c-2072-ee2b-9ab2079dd834",
			"preRequestScript": "",
			"tests": ""
		},
		{
			"id": "a134f241-5c45-7468-4c99-c675bf97e5ab",
			"name": "Composite Events",
			"description": "",
			"collectionId": "420395db-8033-90b9-4362-e87a6ec998d0",
			"method": "GET",
			"headers": "Content-Type: application/json",
			"dataMode": "raw",
			"data": [],
			"rawModeData": "",
			"url": "https://{{tenant}}.{{endpoint}}/appiot-mds/Composite/Events",
			"responses": [],
			"pathVariableData": [],
			"queryParams": [],
			"headerData": [
				{
					"key": "Content-Type",
					"value": "application/json",
					"description": ""
				}
			],
			"collection_id": "420395db-8033-90b9-4362-e87a6ec998d0",
			"folder": "9369cf38-a66c-2072-ee2b-9ab2079dd834",
			"preRequestScript": "",
			"tests": ""
		},
		{
			"id": "aa42cb2b-443d-718b-8151-a298131a8e18",
			"name": "Read Thing as Composite(Optional)",
			"description": "",
			"collectionId": "420395db-8033-90b9-4362-e87a6ec998d0",
			"method": "GET",
			"headers": "Content-Type: application/json",
			"dataMode": "raw",
			"data": [],
			"rawModeData": "",
			"url": "https://{{tenant}}.{{endpoint}}/appiot-mds/Composite/Things('{{yourthingId}}')",
			"responses": [],
			"pathVariableData": [],
			"queryParams": [],
			"headerData": [
				{
					"key": "Content-Type",
					"value": "application/json",
					"description": ""
				}
			],
			"collection_id": "420395db-8033-90b9-4362-e87a6ec998d0",
			"folder": "e637a5a6-e0f8-31b0-a01c-edb74b4a6e30",
			"preRequestScript": "",
			"tests": ""
		},
		{
			"id": "c1e1a230-c62f-4d85-5d66-8c54559fe308",
			"name": "Read the created thing",
			"description": "",
			"collectionId": "420395db-8033-90b9-4362-e87a6ec998d0",
			"method": "GET",
			"headers": "Content-Type: application/json",
			"dataMode": "raw",
			"data": [],
			"rawModeData": "",
			"url": "https://{{tenant}}.{{endpoint}}/appiot-mds/Things('{{yourthingId}}')",
			"responses": [],
			"pathVariableData": [],
			"queryParams": [],
			"headerData": [
				{
					"key": "Content-Type",
					"value": "application/json",
					"description": ""
				}
			],
			"collection_id": "420395db-8033-90b9-4362-e87a6ec998d0",
			"folder": "e637a5a6-e0f8-31b0-a01c-edb74b4a6e30",
			"preRequestScript": "",
			"tests": ""
		},
		{
			"id": "c45c4eb0-10d6-762b-48f1-fbd318fa5557",
			"name": "Aggregate Query - MinMax",
			"description": "",
			"collectionId": "420395db-8033-90b9-4362-e87a6ec998d0",
			"method": "GET",
			"headers": "Content-Type: application/json",
			"dataMode": "raw",
			"data": [],
			"rawModeData": "",
			"pathVariables": {},
			"tests": "",
			"preRequestScript": "var d = new Date();\npostman.setEnvironmentVariable(\"currentDate\", d.toISOString());",
			"url": "https://{{tenant}}.{{endpoint}}/appiot-mds/Things('{{yourthingId}}')/{{packagePrefix}}.{{packageId}}:greenhouse_{{number}}/MinMax/'status_capability_{{number}},Pressure'?timerange=2017-07-25T03:00:00Z-{{currentDate}}",
			"responses": [],
			"pathVariableData": [],
			"queryParams": [
				{
					"key": "timerange",
					"value": "2017-07-25T03:00:00Z-{{currentDate}}",
					"equals": true,
					"description": ""
				}
			],
			"headerData": [
				{
					"key": "Content-Type",
					"value": "application/json",
					"description": ""
				}
			],
			"collection_id": "420395db-8033-90b9-4362-e87a6ec998d0",
			"folder": "2f9b3b1b-c9f7-4830-2b01-49a191770e85"
		},
		{
			"id": "c9a9cd03-0908-9922-0b7f-e5e46c38266f",
			"name": "Get All Locations",
			"description": "",
			"collectionId": "420395db-8033-90b9-4362-e87a6ec998d0",
			"method": "GET",
			"headers": "Content-Type: application/json",
			"dataMode": "raw",
			"data": [],
			"rawModeData": "",
			"pathVariables": {},
			"url": "https://{{tenant}}.{{endpoint}}/location/Locations?$top=10000000",
			"responses": [],
			"pathVariableData": [],
			"queryParams": [
				{
					"key": "$top",
					"value": "10000000",
					"equals": true,
					"description": ""
				}
			],
			"headerData": [
				{
					"key": "Content-Type",
					"value": "application/json",
					"description": ""
				}
			],
			"collection_id": "420395db-8033-90b9-4362-e87a6ec998d0",
			"folder": "e637a5a6-e0f8-31b0-a01c-edb74b4a6e30",
			"preRequestScript": "",
			"tests": ""
		},
		{
			"id": "ceb5326d-7bed-a40a-59de-f971fcad253f",
			"headers": "Content-Type: application/json\n",
			"headerData": [
				{
					"key": "Content-Type",
					"value": "application/json",
					"description": "",
					"enabled": true
				}
			],
			"url": "https://{{tenant}}.{{endpoint}}/appcore-conf/Configuration('{{packagePrefix}}.{{packageId}}.{{number}}')",
			"folder": "d117b23c-a539-c2af-fd80-61efde7d867e",
			"queryParams": [],
			"preRequestScript": null,
			"pathVariables": {},
			"pathVariableData": [],
			"method": "GET",
			"data": [],
			"dataMode": "raw",
			"tests": null,
			"currentHelper": "normal",
			"helperAttributes": {},
			"time": 1552937911522,
			"name": "Read configuration",
			"description": "",
			"collectionId": "420395db-8033-90b9-4362-e87a6ec998d0",
			"responses": [],
			"rawModeData": "",
			"collection_id": "420395db-8033-90b9-4362-e87a6ec998d0"
		},
		{
			"id": "d0c5d216-b47e-0ec6-2271-5b0b27bb34f4",
			"headers": "Content-Type: application/json\nx-csrf-token: {{x-csrf-token}}\n",
			"headerData": [
				{
					"key": "Content-Type",
					"value": "application/json",
					"description": "",
					"enabled": true
				},
				{
					"key": "x-csrf-token",
					"value": "{{x-csrf-token}}",
					"description": "",
					"enabled": true
				}
			],
			"url": "https://{{tenant}}.{{endpoint}}/location/Locations",
			"folder": "e637a5a6-e0f8-31b0-a01c-edb74b4a6e30",
			"queryParams": [],
			"preRequestScript": "",
			"pathVariables": {},
			"pathVariableData": [],
			"method": "POST",
			"data": [],
			"dataMode": "raw",
			"tests": "",
			"currentHelper": "normal",
			"helperAttributes": {},
			"time": 1553106233648,
			"name": "Create Location",
			"description": "",
			"collectionId": "420395db-8033-90b9-4362-e87a6ec998d0",
			"responses": [],
			"rawModeData": "{\r\n    \"basicData\": {\r\n      \"tenant\": \"8ad1f860-f8f8-46db-a606-45113bc5295d\",\r\n      \"etag\":1\r\n    },\r\n    \"locationData\": {\r\n        \"streetName\": \"Sir Matt Busby Way\",\r\n        \"houseNumber\": \"1\",\r\n        \"cityName\": \"Manchester\",\r\n        \"postalCode\": \"M16 0RA\",\r\n        \"country\": \"GB\",\r\n        \"longitude\": -2.288270,\r\n        \"latitude\": 53.461658\r\n    }\r\n\r\n}"
		},
		{
			"id": "d80eeef3-85d6-1ffe-d982-7fde84f0b5a4",
			"name": "Fetch csrf token",
			"description": "",
			"collectionId": "420395db-8033-90b9-4362-e87a6ec998d0",
			"method": "GET",
			"headers": "Content-Type: application/json\nx-csrf-token: Fetch",
			"dataMode": "raw",
			"data": [],
			"rawModeData": "",
			"tests": "postman.setEnvironmentVariable(\"x-csrf-token\", responseHeaders[\"x-csrf-token\"]);",
			"preRequestScript": "",
			"url": "https://{{tenant}}.{{endpoint}}/appiot-mds/Things",
			"responses": [],
			"pathVariableData": [],
			"queryParams": [],
			"headerData": [
				{
					"key": "Content-Type",
					"value": "application/json",
					"description": ""
				},
				{
					"key": "x-csrf-token",
					"value": "Fetch",
					"description": ""
				}
			],
			"collection_id": "420395db-8033-90b9-4362-e87a6ec998d0",
			"folder": "e637a5a6-e0f8-31b0-a01c-edb74b4a6e30"
		},
		{
			"id": "db6a22ad-7259-dbc3-3e3f-861083bd691d",
			"name": "Read Reference data-specific propertySetType-Property combinations",
			"description": "",
			"collectionId": "420395db-8033-90b9-4362-e87a6ec998d0",
			"method": "GET",
			"headers": "Content-Type: application/json",
			"dataMode": "raw",
			"data": [],
			"rawModeData": "{\n  \"value\": [\n    {\n      \"_time\": \"2016-08-01T09:00:00Z\",\n      \"air_quality_UoM\": \"GJ\",\n      \"air_quality_UpperThreshold\": 100,\n      \"air_quality_LowerThreshold\": 10,\n      \"air_quality_LowLowerThreshold\": 5,\n      \"air_quality_UpperUpperThreshold\": 150\n      \n    },\n    {\n      \"_time\": \"2016-09-01T09:00:00Z\",\n      \"air_quality_UoM\": \"Btu\",\n      \"air_quality_UpperThreshold\": 100,\n      \"air_quality_LowerThreshold\": 20,\n      \"air_quality_LowLowerThreshold\": 5,\n      \"air_quality_UpperUpperThreshold\": 150\n    }\n  ]\n}",
			"pathVariables": {},
			"url": "https://{{tenant}}.{{endpoint}}/appiot-mds/Things('{{yourthingId}}')/{{packagePrefix}}.{{packageId}}:greenhouse_{{number}}/ReferenceProperties/'status_capability_{{number}},Pressure'?timerange=1M",
			"responses": [],
			"pathVariableData": [],
			"queryParams": [
				{
					"key": "timerange",
					"value": "1M",
					"equals": true,
					"description": ""
				}
			],
			"headerData": [
				{
					"key": "Content-Type",
					"value": "application/json",
					"description": ""
				}
			],
			"collection_id": "420395db-8033-90b9-4362-e87a6ec998d0",
			"folder": "3f847029-7e33-df94-93f2-769bcacb2bae",
			"preRequestScript": "",
			"tests": ""
		},
		{
			"id": "e941889c-f86d-fa84-ea31-04d9b6f6bddd",
			"name": "Read all Thing Types",
			"description": "",
			"collectionId": "420395db-8033-90b9-4362-e87a6ec998d0",
			"method": "GET",
			"headers": "Content-Type: application/json",
			"dataMode": "raw",
			"data": [],
			"rawModeData": "",
			"url": "https://{{tenant}}.{{endpoint}}/appiot-mds/Configuration/ThingTypes",
			"responses": [],
			"pathVariableData": [],
			"queryParams": [],
			"headerData": [
				{
					"key": "Content-Type",
					"value": "application/json",
					"description": ""
				}
			],
			"collection_id": "420395db-8033-90b9-4362-e87a6ec998d0",
			"folder": "9369cf38-a66c-2072-ee2b-9ab2079dd834",
			"preRequestScript": "",
			"tests": ""
		},
		{
			"id": "eb78d284-e87c-b7ba-41bf-06cdfe8b7046",
			"name": "Create Timeseries Data - Pressure",
			"description": "",
			"collectionId": "420395db-8033-90b9-4362-e87a6ec998d0",
			"method": "PUT",
			"headers": "Content-Type: application/json\nx-csrf-token: {{x-csrf-token}}",
			"dataMode": "raw",
			"data": [],
			"rawModeData": "{\r\n    \"value\": [{\r\n        \"_time\": \"2017-07-19T14:44:27.047Z\",\r\n        \"Level\": 100\r\n    }, {\r\n        \"_time\": \"2017-07-19T15:19:27.047Z\",\r\n        \"Level\": 100\r\n    }, {\r\n        \"_time\": \"2017-07-19T15:54:27.047Z\",\r\n        \"Level\": 100\r\n    }, {\r\n        \"_time\": \"2017-07-19T16:29:27.047Z\",\r\n        \"Level\": 99\r\n    }, {\r\n        \"_time\": \"2017-07-19T17:04:27.047Z\",\r\n        \"Level\": 99\r\n    }, {\r\n        \"_time\": \"2017-07-19T17:39:27.047Z\",\r\n        \"Level\": 98\r\n    }, {\r\n        \"_time\": \"2017-07-19T18:14:27.047Z\",\r\n        \"Level\": 98\r\n    }, {\r\n        \"_time\": \"2017-07-19T18:49:27.047Z\",\r\n        \"Level\": 98\r\n    }, {\r\n        \"_time\": \"2017-07-19T19:24:27.047Z\",\r\n        \"Level\": 98\r\n    }, {\r\n        \"_time\": \"2017-07-19T19:59:27.047Z\",\r\n        \"Level\": 97\r\n    }, {\r\n        \"_time\": \"2017-07-19T20:34:27.047Z\",\r\n        \"Level\": 97\r\n    }, {\r\n        \"_time\": \"2017-07-19T21:09:27.047Z\",\r\n        \"Level\": 96\r\n    }, {\r\n        \"_time\": \"2017-07-19T21:44:27.047Z\",\r\n        \"Level\": 96\r\n    }, {\r\n        \"_time\": \"2017-07-19T22:19:27.047Z\",\r\n        \"Level\": 95\r\n    }, {\r\n        \"_time\": \"2017-07-19T22:54:27.047Z\",\r\n        \"Level\": 94\r\n    }, {\r\n        \"_time\": \"2017-07-19T23:29:27.047Z\",\r\n        \"Level\": 94\r\n    }, {\r\n        \"_time\": \"2017-07-20T00:04:27.047Z\",\r\n        \"Level\": 93\r\n    }, {\r\n        \"_time\": \"2017-07-20T00:39:27.047Z\",\r\n        \"Level\": 92\r\n    }, {\r\n        \"_time\": \"2017-07-20T01:14:27.047Z\",\r\n        \"Level\": 92\r\n    }, {\r\n        \"_time\": \"2017-07-20T01:49:27.047Z\",\r\n        \"Level\": 91\r\n    }, {\r\n        \"_time\": \"2017-07-20T02:24:27.047Z\",\r\n        \"Level\": 91\r\n    }, {\r\n        \"_time\": \"2017-07-20T02:59:27.047Z\",\r\n        \"Level\": 90\r\n    }, {\r\n        \"_time\": \"2017-07-20T03:34:27.047Z\",\r\n        \"Level\": 90\r\n    }, {\r\n        \"_time\": \"2017-07-20T04:09:27.047Z\",\r\n        \"Level\": 90\r\n    }, {\r\n        \"_time\": \"2017-07-20T04:44:27.047Z\",\r\n        \"Level\": 89\r\n    }, {\r\n        \"_time\": \"2017-07-20T05:19:27.047Z\",\r\n        \"Level\": 88\r\n    }, {\r\n        \"_time\": \"2017-07-20T05:54:27.047Z\",\r\n        \"Level\": 87\r\n    }, {\r\n        \"_time\": \"2017-07-20T06:29:27.047Z\",\r\n        \"Level\": 87\r\n    }, {\r\n        \"_time\": \"2017-07-20T07:04:27.047Z\",\r\n        \"Level\": 87\r\n    }, {\r\n        \"_time\": \"2017-07-20T07:39:27.047Z\",\r\n        \"Level\": 86\r\n    }, {\r\n        \"_time\": \"2017-07-20T08:14:27.047Z\",\r\n        \"Level\": 86\r\n    }, {\r\n        \"_time\": \"2017-07-20T08:49:27.047Z\",\r\n        \"Level\": 85\r\n    }, {\r\n        \"_time\": \"2017-07-20T09:24:27.047Z\",\r\n        \"Level\": 85\r\n    }, {\r\n        \"_time\": \"2017-07-20T09:59:27.047Z\",\r\n        \"Level\": 85\r\n    }, {\r\n        \"_time\": \"2017-07-20T10:34:27.047Z\",\r\n        \"Level\": 85\r\n    }, {\r\n        \"_time\": \"2017-07-20T11:09:27.047Z\",\r\n        \"Level\": 85\r\n    }, {\r\n        \"_time\": \"2017-07-20T11:44:27.047Z\",\r\n        \"Level\": 85\r\n    }, {\r\n        \"_time\": \"2017-07-20T12:19:27.047Z\",\r\n        \"Level\": 85\r\n    }, {\r\n        \"_time\": \"2017-07-20T12:54:27.047Z\",\r\n        \"Level\": 85\r\n    }, {\r\n        \"_time\": \"2017-07-20T13:29:27.047Z\",\r\n        \"Level\": 84\r\n    }, {\r\n        \"_time\": \"2017-07-20T14:04:27.047Z\",\r\n        \"Level\": 83\r\n    }, {\r\n        \"_time\": \"2017-07-20T14:39:27.047Z\",\r\n        \"Level\": 83\r\n    }, {\r\n        \"_time\": \"2017-07-20T15:14:27.047Z\",\r\n        \"Level\": 83\r\n    }, {\r\n        \"_time\": \"2017-07-20T15:49:27.047Z\",\r\n        \"Level\": 83\r\n    }, {\r\n        \"_time\": \"2017-07-20T16:24:27.047Z\",\r\n        \"Level\": 83\r\n    }, {\r\n        \"_time\": \"2017-07-20T16:59:27.047Z\",\r\n        \"Level\": 83\r\n    }, {\r\n        \"_time\": \"2017-07-20T17:34:27.047Z\",\r\n        \"Level\": 83\r\n    }, {\r\n        \"_time\": \"2017-07-20T18:09:27.047Z\",\r\n        \"Level\": 83\r\n    }, {\r\n        \"_time\": \"2017-07-20T18:44:27.047Z\",\r\n        \"Level\": 83\r\n    }, {\r\n        \"_time\": \"2017-07-20T19:19:27.047Z\",\r\n        \"Level\": 83\r\n    }, {\r\n        \"_time\": \"2017-07-20T19:54:27.047Z\",\r\n        \"Level\": 83\r\n    }, {\r\n        \"_time\": \"2017-07-20T20:29:27.047Z\",\r\n        \"Level\": 83\r\n    }, {\r\n        \"_time\": \"2017-07-20T21:04:27.047Z\",\r\n        \"Level\": 83\r\n    }, {\r\n        \"_time\": \"2017-07-20T21:39:27.047Z\",\r\n        \"Level\": 82\r\n    }, {\r\n        \"_time\": \"2017-07-20T22:14:27.047Z\",\r\n        \"Level\": 82\r\n    }, {\r\n        \"_time\": \"2017-07-20T22:49:27.047Z\",\r\n        \"Level\": 81\r\n    }, {\r\n        \"_time\": \"2017-07-20T23:24:27.047Z\",\r\n        \"Level\": 81\r\n    }, {\r\n        \"_time\": \"2017-07-20T23:59:27.047Z\",\r\n        \"Level\": 80\r\n    }, {\r\n        \"_time\": \"2017-07-21T00:34:27.047Z\",\r\n        \"Level\": 80\r\n    }, {\r\n        \"_time\": \"2017-07-21T01:09:27.047Z\",\r\n        \"Level\": 79\r\n    }, {\r\n        \"_time\": \"2017-07-21T01:44:27.047Z\",\r\n        \"Level\": 78\r\n    }, {\r\n        \"_time\": \"2017-07-21T02:19:27.047Z\",\r\n        \"Level\": 78\r\n    }, {\r\n        \"_time\": \"2017-07-21T02:54:27.047Z\",\r\n        \"Level\": 78\r\n    }, {\r\n        \"_time\": \"2017-07-21T03:29:27.047Z\",\r\n        \"Level\": 78\r\n    }, {\r\n        \"_time\": \"2017-07-21T04:04:27.047Z\",\r\n        \"Level\": 78\r\n    }, {\r\n        \"_time\": \"2017-07-21T04:39:27.047Z\",\r\n        \"Level\": 77\r\n    }, {\r\n        \"_time\": \"2017-07-21T05:14:27.047Z\",\r\n        \"Level\": 76\r\n    }, {\r\n        \"_time\": \"2017-07-21T05:49:27.047Z\",\r\n        \"Level\": 75\r\n    }, {\r\n        \"_time\": \"2017-07-21T06:24:27.047Z\",\r\n        \"Level\": 75\r\n    }, {\r\n        \"_time\": \"2017-07-21T06:59:27.047Z\",\r\n        \"Level\": 75\r\n    }, {\r\n        \"_time\": \"2017-07-21T07:34:27.047Z\",\r\n        \"Level\": 75\r\n    }, {\r\n        \"_time\": \"2017-07-21T08:09:27.047Z\",\r\n        \"Level\": 75\r\n    }, {\r\n        \"_time\": \"2017-07-21T08:44:27.047Z\",\r\n        \"Level\": 75\r\n    }, {\r\n        \"_time\": \"2017-07-21T09:19:27.047Z\",\r\n        \"Level\": 74\r\n    }, {\r\n        \"_time\": \"2017-07-21T09:54:27.047Z\",\r\n        \"Level\": 73\r\n    }, {\r\n        \"_time\": \"2017-07-21T10:29:27.047Z\",\r\n        \"Level\": 73\r\n    }, {\r\n        \"_time\": \"2017-07-21T11:04:27.047Z\",\r\n        \"Level\": 73\r\n    }, {\r\n        \"_time\": \"2017-07-21T11:39:27.047Z\",\r\n        \"Level\": 73\r\n    }, {\r\n        \"_time\": \"2017-07-21T12:14:27.047Z\",\r\n        \"Level\": 73\r\n    }, {\r\n        \"_time\": \"2017-07-21T12:49:27.047Z\",\r\n        \"Level\": 73\r\n    }, {\r\n        \"_time\": \"2017-07-21T13:24:27.047Z\",\r\n        \"Level\": 72\r\n    }, {\r\n        \"_time\": \"2017-07-21T13:59:27.047Z\",\r\n        \"Level\": 71\r\n    }, {\r\n        \"_time\": \"2017-07-21T14:34:27.047Z\",\r\n        \"Level\": 71\r\n    }, {\r\n        \"_time\": \"2017-07-21T15:09:27.047Z\",\r\n        \"Level\": 71\r\n    }, {\r\n        \"_time\": \"2017-07-21T15:44:27.047Z\",\r\n        \"Level\": 71\r\n    }, {\r\n        \"_time\": \"2017-07-21T16:19:27.047Z\",\r\n        \"Level\": 71\r\n    }, {\r\n        \"_time\": \"2017-07-21T16:54:27.047Z\",\r\n        \"Level\": 70\r\n    }, {\r\n        \"_time\": \"2017-07-21T17:29:27.047Z\",\r\n        \"Level\": 69\r\n    }, {\r\n        \"_time\": \"2017-07-21T18:04:27.047Z\",\r\n        \"Level\": 69\r\n    }, {\r\n        \"_time\": \"2017-07-21T18:39:27.047Z\",\r\n        \"Level\": 69\r\n    }, {\r\n        \"_time\": \"2017-07-21T19:14:27.047Z\",\r\n        \"Level\": 69\r\n    }, {\r\n        \"_time\": \"2017-07-21T19:49:27.047Z\",\r\n        \"Level\": 69\r\n    }, {\r\n        \"_time\": \"2017-07-21T20:24:27.047Z\",\r\n        \"Level\": 68\r\n    }, {\r\n        \"_time\": \"2017-07-21T20:59:27.047Z\",\r\n        \"Level\": 67\r\n    }, {\r\n        \"_time\": \"2017-07-21T21:34:27.047Z\",\r\n        \"Level\": 66\r\n    }, {\r\n        \"_time\": \"2017-07-21T22:09:27.047Z\",\r\n        \"Level\": 66\r\n    }, {\r\n        \"_time\": \"2017-07-21T22:44:27.047Z\",\r\n        \"Level\": 66\r\n    }, {\r\n        \"_time\": \"2017-07-21T23:19:27.047Z\",\r\n        \"Level\": 66\r\n    }, {\r\n        \"_time\": \"2017-07-21T23:54:27.047Z\",\r\n        \"Level\": 65\r\n    }, {\r\n        \"_time\": \"2017-07-22T00:29:27.047Z\",\r\n        \"Level\": 65\r\n    }, {\r\n        \"_time\": \"2017-07-22T01:04:27.047Z\",\r\n        \"Level\": 64\r\n    }, {\r\n        \"_time\": \"2017-07-22T01:39:27.047Z\",\r\n        \"Level\": 63\r\n    }, {\r\n        \"_time\": \"2017-07-22T02:14:27.047Z\",\r\n        \"Level\": 62\r\n    }, {\r\n        \"_time\": \"2017-07-22T02:49:27.047Z\",\r\n        \"Level\": 62\r\n    }, {\r\n        \"_time\": \"2017-07-22T03:24:27.047Z\",\r\n        \"Level\": 61\r\n    }, {\r\n        \"_time\": \"2017-07-22T03:59:27.047Z\",\r\n        \"Level\": 61\r\n    }, {\r\n        \"_time\": \"2017-07-22T04:34:27.047Z\",\r\n        \"Level\": 61\r\n    }, {\r\n        \"_time\": \"2017-07-22T05:09:27.047Z\",\r\n        \"Level\": 61\r\n    }, {\r\n        \"_time\": \"2017-07-22T05:44:27.047Z\",\r\n        \"Level\": 61\r\n    }, {\r\n        \"_time\": \"2017-07-22T06:19:27.047Z\",\r\n        \"Level\": 60\r\n    }, {\r\n        \"_time\": \"2017-07-22T06:54:27.047Z\",\r\n        \"Level\": 60\r\n    }, {\r\n        \"_time\": \"2017-07-22T07:29:27.047Z\",\r\n        \"Level\": 60\r\n    }, {\r\n        \"_time\": \"2017-07-22T08:04:27.047Z\",\r\n        \"Level\": 60\r\n    }, {\r\n        \"_time\": \"2017-07-22T08:39:27.047Z\",\r\n        \"Level\": 60\r\n    }, {\r\n        \"_time\": \"2017-07-22T09:14:27.047Z\",\r\n        \"Level\": 60\r\n    }, {\r\n        \"_time\": \"2017-07-22T09:49:27.047Z\",\r\n        \"Level\": 60\r\n    }, {\r\n        \"_time\": \"2017-07-22T10:24:27.047Z\",\r\n        \"Level\": 60\r\n    }, {\r\n        \"_time\": \"2017-07-22T10:59:27.047Z\",\r\n        \"Level\": 59\r\n    }, {\r\n        \"_time\": \"2017-07-22T11:34:27.047Z\",\r\n        \"Level\": 59\r\n    }, {\r\n        \"_time\": \"2017-07-22T12:09:27.047Z\",\r\n        \"Level\": 59\r\n    }, {\r\n        \"_time\": \"2017-07-22T12:44:27.047Z\",\r\n        \"Level\": 59\r\n    }, {\r\n        \"_time\": \"2017-07-22T13:19:27.047Z\",\r\n        \"Level\": 59\r\n    }, {\r\n        \"_time\": \"2017-07-22T13:54:27.047Z\",\r\n        \"Level\": 58\r\n    }, {\r\n        \"_time\": \"2017-07-22T14:29:27.047Z\",\r\n        \"Level\": 58\r\n    }, {\r\n        \"_time\": \"2017-07-22T15:04:27.047Z\",\r\n        \"Level\": 57\r\n    }, {\r\n        \"_time\": \"2017-07-22T15:39:27.047Z\",\r\n        \"Level\": 57\r\n    }, {\r\n        \"_time\": \"2017-07-22T16:14:27.047Z\",\r\n        \"Level\": 56\r\n    }, {\r\n        \"_time\": \"2017-07-22T16:49:27.047Z\",\r\n        \"Level\": 56\r\n    }, {\r\n        \"_time\": \"2017-07-22T17:24:27.047Z\",\r\n        \"Level\": 56\r\n    }, {\r\n        \"_time\": \"2017-07-22T17:59:27.047Z\",\r\n        \"Level\": 55\r\n    }, {\r\n        \"_time\": \"2017-07-22T18:34:27.047Z\",\r\n        \"Level\": 55\r\n    }, {\r\n        \"_time\": \"2017-07-22T19:09:27.047Z\",\r\n        \"Level\": 55\r\n    }, {\r\n        \"_time\": \"2017-07-22T19:44:27.047Z\",\r\n        \"Level\": 55\r\n    }, {\r\n        \"_time\": \"2017-07-22T20:19:27.047Z\",\r\n        \"Level\": 54\r\n    }, {\r\n        \"_time\": \"2017-07-22T20:54:27.047Z\",\r\n        \"Level\": 53\r\n    }, {\r\n        \"_time\": \"2017-07-22T21:29:27.047Z\",\r\n        \"Level\": 53\r\n    }, {\r\n        \"_time\": \"2017-07-22T22:04:27.047Z\",\r\n        \"Level\": 53\r\n    }, {\r\n        \"_time\": \"2017-07-22T22:39:27.047Z\",\r\n        \"Level\": 52\r\n    }, {\r\n        \"_time\": \"2017-07-22T23:14:27.047Z\",\r\n        \"Level\": 52\r\n    }, {\r\n        \"_time\": \"2017-07-22T23:49:27.047Z\",\r\n        \"Level\": 51\r\n    }, {\r\n        \"_time\": \"2017-07-23T00:24:27.047Z\",\r\n        \"Level\": 50\r\n    }, {\r\n        \"_time\": \"2017-07-23T00:59:27.047Z\",\r\n        \"Level\": 49\r\n    }, {\r\n        \"_time\": \"2017-07-23T01:34:27.047Z\",\r\n        \"Level\": 49\r\n    }, {\r\n        \"_time\": \"2017-07-23T02:09:27.047Z\",\r\n        \"Level\": 48\r\n    }, {\r\n        \"_time\": \"2017-07-23T02:44:27.047Z\",\r\n        \"Level\": 48\r\n    }, {\r\n        \"_time\": \"2017-07-23T03:19:27.047Z\",\r\n        \"Level\": 47\r\n    }, {\r\n        \"_time\": \"2017-07-23T03:54:27.047Z\",\r\n        \"Level\": 47\r\n    }, {\r\n        \"_time\": \"2017-07-23T04:29:27.047Z\",\r\n        \"Level\": 46\r\n    }, {\r\n        \"_time\": \"2017-07-23T05:04:27.047Z\",\r\n        \"Level\": 45\r\n    }, {\r\n        \"_time\": \"2017-07-23T05:39:27.047Z\",\r\n        \"Level\": 45\r\n    }, {\r\n        \"_time\": \"2017-07-23T06:14:27.047Z\",\r\n        \"Level\": 45\r\n    }, {\r\n        \"_time\": \"2017-07-23T06:49:27.047Z\",\r\n        \"Level\": 45\r\n    }, {\r\n        \"_time\": \"2017-07-23T07:24:27.047Z\",\r\n        \"Level\": 45\r\n    }, {\r\n        \"_time\": \"2017-07-23T07:59:27.047Z\",\r\n        \"Level\": 45\r\n    }, {\r\n        \"_time\": \"2017-07-23T08:34:27.047Z\",\r\n        \"Level\": 45\r\n    }, {\r\n        \"_time\": \"2017-07-23T09:09:27.047Z\",\r\n        \"Level\": 45\r\n    }, {\r\n        \"_time\": \"2017-07-23T09:44:27.047Z\",\r\n        \"Level\": 44\r\n    }, {\r\n        \"_time\": \"2017-07-23T10:19:27.047Z\",\r\n        \"Level\": 43\r\n    }, {\r\n        \"_time\": \"2017-07-23T10:54:27.047Z\",\r\n        \"Level\": 43\r\n    }, {\r\n        \"_time\": \"2017-07-23T11:29:27.047Z\",\r\n        \"Level\": 42\r\n    }, {\r\n        \"_time\": \"2017-07-23T12:04:27.047Z\",\r\n        \"Level\": 41\r\n    }, {\r\n        \"_time\": \"2017-07-23T12:39:27.047Z\",\r\n        \"Level\": 41\r\n    }, {\r\n        \"_time\": \"2017-07-23T13:14:27.047Z\",\r\n        \"Level\": 41\r\n    }, {\r\n        \"_time\": \"2017-07-23T13:49:27.047Z\",\r\n        \"Level\": 41\r\n    }, {\r\n        \"_time\": \"2017-07-23T14:24:27.047Z\",\r\n        \"Level\": 40\r\n    }, {\r\n        \"_time\": \"2017-07-23T14:59:27.047Z\",\r\n        \"Level\": 40\r\n    }, {\r\n        \"_time\": \"2017-07-23T15:34:27.047Z\",\r\n        \"Level\": 40\r\n    }, {\r\n        \"_time\": \"2017-07-23T16:09:27.047Z\",\r\n        \"Level\": 39\r\n    }, {\r\n        \"_time\": \"2017-07-23T16:44:27.047Z\",\r\n        \"Level\": 39\r\n    }, {\r\n        \"_time\": \"2017-07-23T17:19:27.047Z\",\r\n        \"Level\": 39\r\n    }, {\r\n        \"_time\": \"2017-07-23T17:54:27.047Z\",\r\n        \"Level\": 39\r\n    }, {\r\n        \"_time\": \"2017-07-23T18:29:27.047Z\",\r\n        \"Level\": 39\r\n    }, {\r\n        \"_time\": \"2017-07-23T19:04:27.047Z\",\r\n        \"Level\": 39\r\n    }, {\r\n        \"_time\": \"2017-07-23T19:39:27.047Z\",\r\n        \"Level\": 39\r\n    }, {\r\n        \"_time\": \"2017-07-23T20:14:27.047Z\",\r\n        \"Level\": 39\r\n    }, {\r\n        \"_time\": \"2017-07-23T20:49:27.047Z\",\r\n        \"Level\": 39\r\n    }, {\r\n        \"_time\": \"2017-07-23T21:24:27.047Z\",\r\n        \"Level\": 39\r\n    }, {\r\n        \"_time\": \"2017-07-23T21:59:27.047Z\",\r\n        \"Level\": 39\r\n    }, {\r\n        \"_time\": \"2017-07-23T22:34:27.047Z\",\r\n        \"Level\": 39\r\n    }, {\r\n        \"_time\": \"2017-07-23T23:09:27.047Z\",\r\n        \"Level\": 39\r\n    }, {\r\n        \"_time\": \"2017-07-23T23:44:27.047Z\",\r\n        \"Level\": 39\r\n    }, {\r\n        \"_time\": \"2017-07-24T00:19:27.047Z\",\r\n        \"Level\": 39\r\n    }, {\r\n        \"_time\": \"2017-07-24T00:54:27.047Z\",\r\n        \"Level\": 39\r\n    }, {\r\n        \"_time\": \"2017-07-24T01:29:27.047Z\",\r\n        \"Level\": 39\r\n    }, {\r\n        \"_time\": \"2017-07-24T02:04:27.047Z\",\r\n        \"Level\": 38\r\n    }, {\r\n        \"_time\": \"2017-07-24T02:39:27.047Z\",\r\n        \"Level\": 37\r\n    }, {\r\n        \"_time\": \"2017-07-24T03:14:27.047Z\",\r\n        \"Level\": 37\r\n    }, {\r\n        \"_time\": \"2017-07-24T03:49:27.047Z\",\r\n        \"Level\": 37\r\n    }, {\r\n        \"_time\": \"2017-07-24T04:24:27.047Z\",\r\n        \"Level\": 36\r\n    }, {\r\n        \"_time\": \"2017-07-24T04:59:27.047Z\",\r\n        \"Level\": 36\r\n    }, {\r\n        \"_time\": \"2017-07-24T05:34:27.047Z\",\r\n        \"Level\": 36\r\n    }, {\r\n        \"_time\": \"2017-07-24T06:09:27.047Z\",\r\n        \"Level\": 36\r\n    }, {\r\n        \"_time\": \"2017-07-24T06:44:27.047Z\",\r\n        \"Level\": 36\r\n    }, {\r\n        \"_time\": \"2017-07-24T07:19:27.047Z\",\r\n        \"Level\": 36\r\n    }, {\r\n        \"_time\": \"2017-07-24T07:54:27.047Z\",\r\n        \"Level\": 35\r\n    }, {\r\n        \"_time\": \"2017-07-24T08:29:27.047Z\",\r\n        \"Level\": 35\r\n    }, {\r\n        \"_time\": \"2017-07-24T09:04:27.047Z\",\r\n        \"Level\": 35\r\n    }, {\r\n        \"_time\": \"2017-07-24T09:39:27.047Z\",\r\n        \"Level\": 35\r\n    }, {\r\n        \"_time\": \"2017-07-24T10:14:27.047Z\",\r\n        \"Level\": 34\r\n    }, {\r\n        \"_time\": \"2017-07-24T10:49:27.047Z\",\r\n        \"Level\": 34\r\n    }, {\r\n        \"_time\": \"2017-07-24T11:24:27.047Z\",\r\n        \"Level\": 33\r\n    }, {\r\n        \"_time\": \"2017-07-24T11:59:27.047Z\",\r\n        \"Level\": 32\r\n    }, {\r\n        \"_time\": \"2017-07-24T12:34:27.047Z\",\r\n        \"Level\": 32\r\n    }, {\r\n        \"_time\": \"2017-07-24T13:09:27.047Z\",\r\n        \"Level\": 31\r\n    }, {\r\n        \"_time\": \"2017-07-24T13:44:27.047Z\",\r\n        \"Level\": 31\r\n    }, {\r\n        \"_time\": \"2017-07-24T14:19:27.047Z\",\r\n        \"Level\": 30\r\n    }, {\r\n        \"_time\": \"2017-07-24T14:54:27.047Z\",\r\n        \"Level\": 29\r\n    }, {\r\n        \"_time\": \"2017-07-24T15:29:27.047Z\",\r\n        \"Level\": 28\r\n    }, {\r\n        \"_time\": \"2017-07-24T16:04:27.047Z\",\r\n        \"Level\": 28\r\n    }, {\r\n        \"_time\": \"2017-07-24T16:39:27.047Z\",\r\n        \"Level\": 27\r\n    }, {\r\n        \"_time\": \"2017-07-24T17:14:27.047Z\",\r\n        \"Level\": 26\r\n    }, {\r\n        \"_time\": \"2017-07-24T17:49:27.047Z\",\r\n        \"Level\": 26\r\n    }, {\r\n        \"_time\": \"2017-07-24T18:24:27.047Z\",\r\n        \"Level\": 25\r\n    }, {\r\n        \"_time\": \"2017-07-24T18:59:27.047Z\",\r\n        \"Level\": 25\r\n    }, {\r\n        \"_time\": \"2017-07-24T19:34:27.047Z\",\r\n        \"Level\": 25\r\n    }, {\r\n        \"_time\": \"2017-07-24T20:09:27.047Z\",\r\n        \"Level\": 25\r\n    }, {\r\n        \"_time\": \"2017-07-24T20:44:27.047Z\",\r\n        \"Level\": 24\r\n    }, {\r\n        \"_time\": \"2017-07-24T21:19:27.047Z\",\r\n        \"Level\": 24\r\n    }, {\r\n        \"_time\": \"2017-07-24T21:54:27.047Z\",\r\n        \"Level\": 24\r\n    }, {\r\n        \"_time\": \"2017-07-24T22:29:27.047Z\",\r\n        \"Level\": 24\r\n    }, {\r\n        \"_time\": \"2017-07-24T23:04:27.047Z\",\r\n        \"Level\": 24\r\n    }, {\r\n        \"_time\": \"2017-07-24T23:39:27.047Z\",\r\n        \"Level\": 24\r\n    }, {\r\n        \"_time\": \"2017-07-25T00:14:27.047Z\",\r\n        \"Level\": 23\r\n    }, {\r\n        \"_time\": \"2017-07-25T00:49:27.047Z\",\r\n        \"Level\": 23\r\n    }, {\r\n        \"_time\": \"2017-07-25T01:24:27.047Z\",\r\n        \"Level\": 23\r\n    }, {\r\n        \"_time\": \"2017-07-25T01:59:27.047Z\",\r\n        \"Level\": 23\r\n    }, {\r\n        \"_time\": \"2017-07-25T02:34:27.047Z\",\r\n        \"Level\": 22\r\n    }, {\r\n        \"_time\": \"2017-07-25T03:09:27.047Z\",\r\n        \"Level\": 22\r\n    }, {\r\n        \"_time\": \"2017-07-25T03:44:27.047Z\",\r\n        \"Level\": 22\r\n    }, {\r\n        \"_time\": \"2017-07-25T04:19:27.047Z\",\r\n        \"Level\": 21\r\n    }, {\r\n        \"_time\": \"2017-07-25T04:54:27.047Z\",\r\n        \"Level\": 21\r\n    }, {\r\n        \"_time\": \"2017-07-25T05:29:27.047Z\",\r\n        \"Level\": 21\r\n    }, {\r\n        \"_time\": \"2017-07-25T06:04:27.047Z\",\r\n        \"Level\": 20\r\n    }, {\r\n        \"_time\": \"2017-07-25T06:39:27.047Z\",\r\n        \"Level\": 20\r\n    }, {\r\n        \"_time\": \"2017-07-25T07:14:27.047Z\",\r\n        \"Level\": 19\r\n    }, {\r\n        \"_time\": \"2017-07-25T07:49:27.047Z\",\r\n        \"Level\": 19\r\n    }, {\r\n        \"_time\": \"2017-07-25T08:24:27.047Z\",\r\n        \"Level\": 19\r\n    }, {\r\n        \"_time\": \"2017-07-25T08:59:27.047Z\",\r\n        \"Level\": 19\r\n    }, {\r\n        \"_time\": \"2017-07-25T09:34:27.047Z\",\r\n        \"Level\": 19\r\n    }, {\r\n        \"_time\": \"2017-07-25T10:09:27.047Z\",\r\n        \"Level\": 18\r\n    }, {\r\n        \"_time\": \"2017-07-25T10:44:27.047Z\",\r\n        \"Level\": 18\r\n    }, {\r\n        \"_time\": \"2017-07-25T11:19:27.047Z\",\r\n        \"Level\": 17\r\n    }, {\r\n        \"_time\": \"2017-07-25T11:54:27.047Z\",\r\n        \"Level\": 17\r\n    }, {\r\n        \"_time\": \"2017-07-25T12:29:27.047Z\",\r\n        \"Level\": 17\r\n    }, {\r\n        \"_time\": \"2017-07-25T13:04:27.047Z\",\r\n        \"Level\": 17\r\n    }, {\r\n        \"_time\": \"2017-07-25T13:39:27.047Z\",\r\n        \"Level\": 16\r\n    }, {\r\n        \"_time\": \"2017-07-25T14:14:27.047Z\",\r\n        \"Level\": 15\r\n    }, {\r\n        \"_time\": \"2017-07-25T14:49:27.047Z\",\r\n        \"Level\": 15\r\n    }, {\r\n        \"_time\": \"2017-07-25T15:24:27.047Z\",\r\n        \"Level\": 14\r\n    }, {\r\n        \"_time\": \"2017-07-25T15:59:27.047Z\",\r\n        \"Level\": 14\r\n    }, {\r\n        \"_time\": \"2017-07-25T16:34:27.047Z\",\r\n        \"Level\": 13\r\n    }, {\r\n        \"_time\": \"2017-07-25T17:09:27.047Z\",\r\n        \"Level\": 13\r\n    }, {\r\n        \"_time\": \"2017-07-25T17:44:27.047Z\",\r\n        \"Level\": 13\r\n    }, {\r\n        \"_time\": \"2017-07-25T18:19:27.047Z\",\r\n        \"Level\": 13\r\n    }, {\r\n        \"_time\": \"2017-07-25T18:54:27.047Z\",\r\n        \"Level\": 13\r\n    }, {\r\n        \"_time\": \"2017-07-25T19:29:27.047Z\",\r\n        \"Level\": 13\r\n    }, {\r\n        \"_time\": \"2017-07-25T20:04:27.047Z\",\r\n        \"Level\": 12\r\n    }, {\r\n        \"_time\": \"2017-07-25T20:39:27.047Z\",\r\n        \"Level\": 12\r\n    }, {\r\n        \"_time\": \"2017-07-25T21:14:27.047Z\",\r\n        \"Level\": 12\r\n    }, {\r\n        \"_time\": \"2017-07-25T21:49:27.047Z\",\r\n        \"Level\": 12\r\n    }, {\r\n        \"_time\": \"2017-07-25T22:24:27.047Z\",\r\n        \"Level\": 12\r\n    }, {\r\n        \"_time\": \"2017-07-25T22:59:27.047Z\",\r\n        \"Level\": 12\r\n    }, {\r\n        \"_time\": \"2017-07-25T23:34:27.047Z\",\r\n        \"Level\": 11\r\n    }, {\r\n        \"_time\": \"2017-07-26T00:09:27.047Z\",\r\n        \"Level\": 10\r\n    }, {\r\n        \"_time\": \"2017-07-26T00:44:27.047Z\",\r\n        \"Level\": 9\r\n    }, {\r\n        \"_time\": \"2017-07-26T01:19:27.047Z\",\r\n        \"Level\": 8\r\n    }, {\r\n        \"_time\": \"2017-07-26T01:54:27.047Z\",\r\n        \"Level\": 7\r\n    }, {\r\n        \"_time\": \"2017-07-26T02:29:27.047Z\",\r\n        \"Level\": 7\r\n    }, {\r\n        \"_time\": \"2017-07-26T03:04:27.047Z\",\r\n        \"Level\": 7\r\n    }, {\r\n        \"_time\": \"2017-07-26T03:39:27.047Z\",\r\n        \"Level\": 7\r\n    }, {\r\n        \"_time\": \"2017-07-26T04:14:27.047Z\",\r\n        \"Level\": 7\r\n    }, {\r\n        \"_time\": \"2017-07-26T04:49:27.047Z\",\r\n        \"Level\": 7\r\n    }, {\r\n        \"_time\": \"2017-07-26T05:24:27.047Z\",\r\n        \"Level\": 7\r\n    }, {\r\n        \"_time\": \"2017-07-26T05:59:27.047Z\",\r\n        \"Level\": 7\r\n    }, {\r\n        \"_time\": \"2017-07-26T06:34:27.047Z\",\r\n        \"Level\": 7\r\n    }, {\r\n        \"_time\": \"2017-07-26T07:09:27.047Z\",\r\n        \"Level\": 7\r\n    }, {\r\n        \"_time\": \"2017-07-26T07:44:27.047Z\",\r\n        \"Level\": 7\r\n    }, {\r\n        \"_time\": \"2017-07-26T08:19:27.047Z\",\r\n        \"Level\": 7\r\n    }, {\r\n        \"_time\": \"2017-07-26T08:54:27.047Z\",\r\n        \"Level\": 7\r\n    }, {\r\n        \"_time\": \"2017-07-26T09:29:27.047Z\",\r\n        \"Level\": 7\r\n    }, {\r\n        \"_time\": \"2017-07-26T10:04:27.047Z\",\r\n        \"Level\": 7\r\n    }, {\r\n        \"_time\": \"2017-07-26T10:39:27.047Z\",\r\n        \"Level\": 6\r\n    }, {\r\n        \"_time\": \"2017-07-26T11:14:27.047Z\",\r\n        \"Level\": 6\r\n    }, {\r\n        \"_time\": \"2017-07-26T11:49:27.047Z\",\r\n        \"Level\": 6\r\n    }, {\r\n        \"_time\": \"2017-07-26T12:24:27.047Z\",\r\n        \"Level\": 6\r\n    }, {\r\n        \"_time\": \"2017-07-26T12:59:27.047Z\",\r\n        \"Level\": 6\r\n    }, {\r\n        \"_time\": \"2017-07-26T13:34:27.047Z\",\r\n        \"Level\": 5\r\n    }, {\r\n        \"_time\": \"2017-07-26T14:09:27.047Z\",\r\n        \"Level\": 4\r\n    }, {\r\n        \"_time\": \"2017-07-26T14:44:27.047Z\",\r\n        \"Level\": 3\r\n    }]\r\n}",
			"url": "https://{{tenant}}.{{endpoint}}/appiot-mds/Things('{{yourthingId}}')/{{packagePrefix}}.{{packageId}}:greenhouse_{{number}}/Fill_Level_Milk_{{number}}",
			"responses": [],
			"pathVariableData": [],
			"queryParams": [],
			"headerData": [
				{
					"key": "Content-Type",
					"value": "application/json",
					"description": ""
				},
				{
					"key": "x-csrf-token",
					"value": "{{x-csrf-token}}",
					"description": ""
				}
			],
			"collection_id": "420395db-8033-90b9-4362-e87a6ec998d0",
			"folder": "2f9b3b1b-c9f7-4830-2b01-49a191770e85",
			"preRequestScript": "",
			"tests": ""
		},
		{
			"id": "f2522fff-ca17-ca85-4d07-ca52d0276de6",
			"name": "Update Thing (incl. location)",
			"description": "",
			"collectionId": "420395db-8033-90b9-4362-e87a6ec998d0",
			"method": "POST",
			"headers": "Content-Type: application/json\nx-csrf-token: {{x-csrf-token}}",
			"dataMode": "raw",
			"data": [],
			"rawModeData": "{\r\n \"_externalId\": \"XXX_Thing\",\r\n \"_name\": \"XXX_Thing\",\r\n \"_description\": {\r\n    \"en\": \"XXX_Thing\"\r\n },\r\n \"_thingType\": [\r\n \"{{packagePrefix}}.{{packageId}}:greenhouse_{{number}}\"\r\n ],\r\n \"_location\": \"{{locationId}}\",\r\n \"_objectGroup\": \"{{object_group_id}}\"\r\n}",
			"tests": "if (responseCode.code === 201){\n    var response = responseHeaders[\"Location\"];\n    postman.setEnvironmentVariable(\"yourthingId\", response.slice(-34,-2));\n}\n\n",
			"preRequestScript": "",
			"url": "https://{{tenant}}.{{endpoint}}/appiot-mds/Things",
			"responses": [],
			"pathVariableData": [],
			"queryParams": [],
			"headerData": [
				{
					"key": "Content-Type",
					"value": "application/json",
					"description": ""
				},
				{
					"key": "x-csrf-token",
					"value": "{{x-csrf-token}}",
					"description": ""
				}
			],
			"collection_id": "420395db-8033-90b9-4362-e87a6ec998d0",
			"folder": "e637a5a6-e0f8-31b0-a01c-edb74b4a6e30"
		},
		{
			"id": "f344d5ff-5b86-a5ed-eba4-7b5e2e8cb785",
			"headers": "Content-Type: application/json\n",
			"headerData": [
				{
					"key": "Content-Type",
					"value": "application/json",
					"description": "",
					"enabled": true
				}
			],
			"url": "https://{{tenant}}.{{endpoint}}/appiot-mds/Configuration/PropertySetTypes('{{packagePrefix}}.{{packageId}}.{{number}}:gh_climate_caps_ae_{{number}}')",
			"folder": "d117b23c-a539-c2af-fd80-61efde7d867e",
			"queryParams": [],
			"preRequestScript": "",
			"pathVariables": {},
			"pathVariableData": [],
			"method": "GET",
			"data": [],
			"dataMode": "raw",
			"tests": "",
			"currentHelper": "normal",
			"helperAttributes": {},
			"time": 1553020899703,
			"name": "Read Property Set Type",
			"description": "",
			"collectionId": "420395db-8033-90b9-4362-e87a6ec998d0",
			"responses": [],
			"rawModeData": "",
			"collection_id": "420395db-8033-90b9-4362-e87a6ec998d0"
		},
		{
			"id": "fff82786-a7e7-4ccf-c7ab-b41a5908fe33",
			"name": "Delete the created thing",
			"description": "",
			"collectionId": "420395db-8033-90b9-4362-e87a6ec998d0",
			"method": "DELETE",
			"headers": "x-csrf-token: {{x-csrf-token}}",
			"dataMode": "raw",
			"data": [],
			"rawModeData": "",
			"url": "https://{{tenant}}.{{endpoint}}/appiot-mds/Things('{{yourthingId}}')",
			"responses": [],
			"pathVariableData": [],
			"queryParams": [],
			"headerData": [
				{
					"key": "x-csrf-token",
					"value": "{{x-csrf-token}}",
					"description": ""
				}
			],
			"collection_id": "420395db-8033-90b9-4362-e87a6ec998d0",
			"folder": "11ab1df8-4aa8-3148-560c-6a02ca8af54c",
			"preRequestScript": "",
			"tests": ""
		}
	]
}