{
  "id": "915a68fb-376c-c647-cfb6-67333b92ce72",
  "name": "wdiot1",
  "values": [
    {
      "enabled": true,
      "key": "number",
      "value": "xx",
      "type": "text"
    },
    {
      "enabled": true,
      "key": "packageId",
      "value": "pw.greenhouse.pkg",
      "type": "text"
    },
    {
      "enabled": true,
      "key": "yourthingId",
      "value": "52880A58A9554E198BF7932C216ADDC3",
      "type": "text"
    },
    {
      "enabled": true,
      "key": "locationId",
      "value": "{send create location}",
      "type": "text"
    },
    {
      "enabled": true,
      "key": "tenant",
      "value": "psciot",
      "type": "text"
    },
    {
      "enabled": true,
      "key": "endpoint",
      "value": "flp-iot-sap.cfapps.eu10.hana.ondemand.com",
      "type": "text"
    },
    {
      "enabled": true,
      "key": "packagePrefix",
      "value": "iot.psciot180911114814",
      "type": "text"
    },
    {
      "enabled": true,
      "key": "protocol",
      "value": "https",
      "type": "text"
    },
    {
      "enabled": true,
      "key": "host",
      "value": "weather-station.eu10.cp.iot.sap",
      "type": "text"
    },
    {
      "enabled": true,
      "key": "port",
      "value": "443",
      "type": "text"
    },
    {
      "enabled": true,
      "key": "gatewayId",
      "value": "3",
      "type": "text"
    },
    {
      "enabled": true,
      "key": "x-csrf-token",
      "value": "147576ea3b00a97c-qkJyQseOBOYVUAL5iQHYRYKyEs8",
      "type": "text"
    },
    {
      "enabled": true,
      "key": "currentDate",
      "value": "{do not touch}",
      "type": "text"
    }
  ],
  "timestamp": 1553023407064,
  "_postman_variable_scope": "environment",
  "_postman_exported_at": "2019-03-19T19:27:57.601Z",
  "_postman_exported_using": "Postman/5.5.4"
}